datetime,symbol,open,high,low,close
2023-11-05 00:00, USDJPY, 149.314, 149.314, 149.314, 149.314
2023-11-05 00:01, USDJPY, 149.314, 149.314, 149.314, 149.314
2023-11-05 00:02, USDJPY, 149.314, 149.314, 149.314, 149.314
2023-11-05 00:03, USDJPY, 149.314, 149.314, 149.314, 149.314
2023-11-05 00:04, USDJPY, 149.314, 149.314, 149.314, 149.314
2023-11-05 00:05, USDJPY, 149.314, 149.314, 149.314, 149.314
2023-11-05 00:06, USDJPY, 149.314, 149.314, 149.314, 149.314
2023-11-05 00:07, USDJPY, 149.314, 149.314, 149.314, 149.314
2023-11-05 00:08, USDJPY, 149.314, 149.314, 149.314, 149.314
2023-11-05 00:09, USDJPY, 149.314, 149.314, 149.314, 149.314
2023-11-05 00:10, USDJPY, 149.314, 149.314, 149.314, 149.314
2023-11-05 00:11, USDJPY, 149.314, 149.314, 149.314, 149.314
2023-11-05 00:12, USDJPY, 149.314, 149.314, 149.314, 149.314
2023-11-05 00:13, USDJPY, 149.314, 149.314, 149.314, 149.314
2023-11-05 00:14, USDJPY, 149.314, 149.314, 149.314, 149.314
2023-11-05 00:15, USDJPY, 149.314, 149.314, 149.314, 149.314
2023-11-05 00:16, USDJPY, 149.314, 149.314, 149.314, 149.314
2023-11-05 00:17, USDJPY, 149.314, 149.314, 149.314, 149.314
2023-11-05 00:18, USDJPY, 149.314, 149.314, 149.314, 149.314
2023-11-05 00:19, USDJPY, 149.314, 149.314, 149.314, 149.314
2023-11-05 00:20, USDJPY, 149.314, 149.314, 149.314, 149.314
2023-11-05 00:21, USDJPY, 149.314, 149.314, 149.314, 149.314
2023-11-05 00:22, USDJPY, 149.314, 149.314, 149.314, 149.314
2023-11-05 00:23, USDJPY, 149.314, 149.314, 149.314, 149.314
2023-11-05 00:24, USDJPY, 149.314, 149.314, 149.314, 149.314
2023-11-05 00:25, USDJPY, 149.314, 149.314, 149.314, 149.314
2023-11-05 00:26, USDJPY, 149.314, 149.314, 149.314, 149.314
2023-11-05 00:27, USDJPY, 149.314, 149.314, 149.314, 149.314
2023-11-05 00:28, USDJPY, 149.314, 149.314, 149.314, 149.314
2023-11-05 00:29, USDJPY, 149.314, 149.314, 149.314, 149.314
2023-11-05 00:30, USDJPY, 149.314, 149.314, 149.314, 149.314
2023-11-05 00:31, USDJPY, 149.314, 149.314, 149.314, 149.314
2023-11-05 00:32, USDJPY, 149.314, 149.314, 149.314, 149.314
2023-11-05 00:33, USDJPY, 149.314, 149.314, 149.314, 149.314
2023-11-05 00:34, USDJPY, 149.314, 149.314, 149.314, 149.314
2023-11-05 00:35, USDJPY, 149.314, 149.314, 149.314, 149.314
2023-11-05 00:36, USDJPY, 149.314, 149.314, 149.314, 149.314
2023-11-05 00:37, USDJPY, 149.314, 149.314, 149.314, 149.314
2023-11-05 00:38, USDJPY, 149.314, 149.314, 149.314, 149.314
2023-11-05 00:39, USDJPY, 149.314, 149.314, 149.314, 149.314
2023-11-05 00:40, USDJPY, 149.314, 149.314, 149.314, 149.314
2023-11-05 00:41, USDJPY, 149.314, 149.314, 149.314, 149.314
2023-11-05 00:42, USDJPY, 149.314, 149.314, 149.314, 149.314
2023-11-05 00:43, USDJPY, 149.314, 149.314, 149.314, 149.314
2023-11-05 00:44, USDJPY, 149.314, 149.314, 149.314, 149.314
2023-11-05 00:45, USDJPY, 149.314, 149.314, 149.314, 149.314
2023-11-05 00:46, USDJPY, 149.314, 149.314, 149.314, 149.314
2023-11-05 00:47, USDJPY, 149.314, 149.314, 149.314, 149.314
2023-11-05 00:48, USDJPY, 149.314, 149.314, 149.314, 149.314
2023-11-05 00:49, USDJPY, 149.314, 149.314, 149.314, 149.314
2023-11-05 00:50, USDJPY, 149.314, 149.314, 149.314, 149.314
2023-11-05 00:51, USDJPY, 149.314, 149.314, 149.314, 149.314
2023-11-05 00:52, USDJPY, 149.314, 149.314, 149.314, 149.314
2023-11-05 00:53, USDJPY, 149.314, 149.314, 149.314, 149.314
2023-11-05 00:54, USDJPY, 149.314, 149.314, 149.314, 149.314
2023-11-05 00:55, USDJPY, 149.314, 149.314, 149.314, 149.314
2023-11-05 00:56, USDJPY, 149.314, 149.314, 149.314, 149.314
2023-11-05 00:57, USDJPY, 149.314, 149.314, 149.314, 149.314
2023-11-05 00:58, USDJPY, 149.314, 149.314, 149.314, 149.314
2023-11-05 00:59, USDJPY, 149.314, 149.314, 149.314, 149.314
2023-11-05 01:00, USDJPY, 149.314, 149.314, 149.314, 149.314
2023-11-05 01:01, USDJPY, 149.314, 149.314, 149.314, 149.314
2023-11-05 01:02, USDJPY, 149.314, 149.314, 149.314, 149.314
2023-11-05 01:03, USDJPY, 149.314, 149.314, 149.314, 149.314
2023-11-05 01:04, USDJPY, 149.314, 149.314, 149.314, 149.314
2023-11-05 01:05, USDJPY, 149.314, 149.314, 149.314, 149.314
2023-11-05 01:06, USDJPY, 149.314, 149.314, 149.314, 149.314
2023-11-05 01:07, USDJPY, 149.314, 149.314, 149.314, 149.314
2023-11-05 01:08, USDJPY, 149.314, 149.314, 149.314, 149.314
2023-11-05 01:09, USDJPY, 149.314, 149.314, 149.314, 149.314
2023-11-05 01:10, USDJPY, 149.314, 149.314, 149.314, 149.314
2023-11-05 01:11, USDJPY, 149.314, 149.314, 149.314, 149.314
2023-11-05 01:12, USDJPY, 149.314, 149.314, 149.314, 149.314
2023-11-05 01:13, USDJPY, 149.314, 149.314, 149.314, 149.314
2023-11-05 01:14, USDJPY, 149.314, 149.314, 149.314, 149.314
2023-11-05 01:15, USDJPY, 149.314, 149.314, 149.314, 149.314
2023-11-05 01:16, USDJPY, 149.314, 149.314, 149.314, 149.314
2023-11-05 01:17, USDJPY, 149.314, 149.314, 149.314, 149.314
2023-11-05 01:18, USDJPY, 149.314, 149.314, 149.314, 149.314
2023-11-05 01:19, USDJPY, 149.314, 149.314, 149.314, 149.314
2023-11-05 01:20, USDJPY, 149.314, 149.314, 149.314, 149.314
2023-11-05 01:21, USDJPY, 149.314, 149.314, 149.314, 149.314
2023-11-05 01:22, USDJPY, 149.314, 149.314, 149.314, 149.314
2023-11-05 01:23, USDJPY, 149.314, 149.314, 149.314, 149.314
2023-11-05 01:24, USDJPY, 149.314, 149.314, 149.314, 149.314
2023-11-05 01:25, USDJPY, 149.314, 149.314, 149.314, 149.314
2023-11-05 01:26, USDJPY, 149.314, 149.314, 149.314, 149.314
2023-11-05 01:27, USDJPY, 149.314, 149.314, 149.314, 149.314
2023-11-05 01:28, USDJPY, 149.314, 149.314, 149.314, 149.314
2023-11-05 01:29, USDJPY, 149.314, 149.314, 149.314, 149.314
2023-11-05 01:30, USDJPY, 149.314, 149.314, 149.314, 149.314
2023-11-05 01:31, USDJPY, 149.314, 149.314, 149.314, 149.314
2023-11-05 01:32, USDJPY, 149.314, 149.314, 149.314, 149.314
2023-11-05 01:33, USDJPY, 149.314, 149.314, 149.314, 149.314
2023-11-05 01:34, USDJPY, 149.314, 149.314, 149.314, 149.314
2023-11-05 01:35, USDJPY, 149.314, 149.314, 149.314, 149.314
2023-11-05 01:36, USDJPY, 149.314, 149.314, 149.314, 149.314
2023-11-05 01:37, USDJPY, 149.314, 149.314, 149.314, 149.314
2023-11-05 01:38, USDJPY, 149.314, 149.314, 149.314, 149.314
2023-11-05 01:39, USDJPY, 149.314, 149.314, 149.314, 149.314
2023-11-05 01:40, USDJPY, 149.314, 149.314, 149.314, 149.314
2023-11-05 01:41, USDJPY, 149.314, 149.314, 149.314, 149.314
2023-11-05 01:42, USDJPY, 149.314, 149.314, 149.314, 149.314
2023-11-05 01:43, USDJPY, 149.314, 149.314, 149.314, 149.314
2023-11-05 01:44, USDJPY, 149.314, 149.314, 149.314, 149.314
2023-11-05 01:45, USDJPY, 149.314, 149.314, 149.314, 149.314
2023-11-05 01:46, USDJPY, 149.314, 149.314, 149.314, 149.314
2023-11-05 01:47, USDJPY, 149.314, 149.314, 149.314, 149.314
2023-11-05 01:48, USDJPY, 149.314, 149.314, 149.314, 149.314
2023-11-05 01:49, USDJPY, 149.314, 149.314, 149.314, 149.314
2023-11-05 01:50, USDJPY, 149.314, 149.314, 149.314, 149.314
2023-11-05 01:51, USDJPY, 149.314, 149.314, 149.314, 149.314
2023-11-05 01:52, USDJPY, 149.314, 149.314, 149.314, 149.314
2023-11-05 01:53, USDJPY, 149.314, 149.314, 149.314, 149.314
2023-11-05 01:54, USDJPY, 149.314, 149.314, 149.314, 149.314
2023-11-05 01:55, USDJPY, 149.314, 149.314, 149.314, 149.314
2023-11-05 01:56, USDJPY, 149.314, 149.314, 149.314, 149.314
2023-11-05 01:57, USDJPY, 149.314, 149.314, 149.314, 149.314
2023-11-05 01:58, USDJPY, 149.314, 149.314, 149.314, 149.314
2023-11-05 01:59, USDJPY, 149.314, 149.314, 149.314, 149.314
2023-11-05 02:00, USDJPY, 149.314, 149.314, 149.314, 149.314
2023-11-05 02:01, USDJPY, 149.314, 149.314, 149.314, 149.314
2023-11-05 02:02, USDJPY, 149.314, 149.314, 149.314, 149.314
2023-11-05 02:03, USDJPY, 149.314, 149.314, 149.314, 149.314
2023-11-05 02:04, USDJPY, 149.314, 149.314, 149.314, 149.314
2023-11-05 02:05, USDJPY, 149.314, 149.314, 149.314, 149.314
2023-11-05 02:06, USDJPY, 149.314, 149.314, 149.314, 149.314
2023-11-05 02:07, USDJPY, 149.314, 149.314, 149.314, 149.314
2023-11-05 02:08, USDJPY, 149.314, 149.314, 149.314, 149.314
2023-11-05 02:09, USDJPY, 149.314, 149.314, 149.314, 149.314
2023-11-05 02:10, USDJPY, 149.314, 149.314, 149.314, 149.314
2023-11-05 02:11, USDJPY, 149.314, 149.314, 149.314, 149.314
2023-11-05 02:12, USDJPY, 149.314, 149.314, 149.314, 149.314
2023-11-05 02:13, USDJPY, 149.314, 149.314, 149.314, 149.314
2023-11-05 02:14, USDJPY, 149.314, 149.314, 149.314, 149.314
2023-11-05 02:15, USDJPY, 149.314, 149.314, 149.314, 149.314
2023-11-05 02:16, USDJPY, 149.314, 149.314, 149.314, 149.314
2023-11-05 02:17, USDJPY, 149.314, 149.314, 149.314, 149.314
2023-11-05 02:18, USDJPY, 149.314, 149.314, 149.314, 149.314
2023-11-05 02:19, USDJPY, 149.314, 149.314, 149.314, 149.314
2023-11-05 02:20, USDJPY, 149.314, 149.314, 149.314, 149.314
2023-11-05 02:21, USDJPY, 149.314, 149.314, 149.314, 149.314
2023-11-05 02:22, USDJPY, 149.314, 149.314, 149.314, 149.314
2023-11-05 02:23, USDJPY, 149.314, 149.314, 149.314, 149.314
2023-11-05 02:24, USDJPY, 149.314, 149.314, 149.314, 149.314
2023-11-05 02:25, USDJPY, 149.314, 149.314, 149.314, 149.314
2023-11-05 02:26, USDJPY, 149.314, 149.314, 149.314, 149.314
2023-11-05 02:27, USDJPY, 149.314, 149.314, 149.314, 149.314
2023-11-05 02:28, USDJPY, 149.314, 149.314, 149.314, 149.314
2023-11-05 02:29, USDJPY, 149.314, 149.314, 149.314, 149.314
2023-11-05 02:30, USDJPY, 149.314, 149.314, 149.314, 149.314
2023-11-05 02:31, USDJPY, 149.314, 149.314, 149.314, 149.314
2023-11-05 02:32, USDJPY, 149.314, 149.314, 149.314, 149.314
2023-11-05 02:33, USDJPY, 149.314, 149.314, 149.314, 149.314
2023-11-05 02:34, USDJPY, 149.314, 149.314, 149.314, 149.314
2023-11-05 02:35, USDJPY, 149.314, 149.314, 149.314, 149.314
2023-11-05 02:36, USDJPY, 149.314, 149.314, 149.314, 149.314
2023-11-05 02:37, USDJPY, 149.314, 149.314, 149.314, 149.314
2023-11-05 02:38, USDJPY, 149.314, 149.314, 149.314, 149.314
2023-11-05 02:39, USDJPY, 149.314, 149.314, 149.314, 149.314
2023-11-05 02:40, USDJPY, 149.314, 149.314, 149.314, 149.314
2023-11-05 02:41, USDJPY, 149.314, 149.314, 149.314, 149.314
2023-11-05 02:42, USDJPY, 149.314, 149.314, 149.314, 149.314
2023-11-05 02:43, USDJPY, 149.314, 149.314, 149.314, 149.314
2023-11-05 02:44, USDJPY, 149.314, 149.314, 149.314, 149.314
2023-11-05 02:45, USDJPY, 149.314, 149.314, 149.314, 149.314
2023-11-05 02:46, USDJPY, 149.314, 149.314, 149.314, 149.314
2023-11-05 02:47, USDJPY, 149.314, 149.314, 149.314, 149.314
2023-11-05 02:48, USDJPY, 149.314, 149.314, 149.314, 149.314
2023-11-05 02:49, USDJPY, 149.314, 149.314, 149.314, 149.314
2023-11-05 02:50, USDJPY, 149.314, 149.314, 149.314, 149.314
2023-11-05 02:51, USDJPY, 149.314, 149.314, 149.314, 149.314
2023-11-05 02:52, USDJPY, 149.314, 149.314, 149.314, 149.314
2023-11-05 02:53, USDJPY, 149.314, 149.314, 149.314, 149.314
2023-11-05 02:54, USDJPY, 149.314, 149.314, 149.314, 149.314
2023-11-05 02:55, USDJPY, 149.314, 149.314, 149.314, 149.314
2023-11-05 02:56, USDJPY, 149.314, 149.314, 149.314, 149.314
2023-11-05 02:57, USDJPY, 149.314, 149.314, 149.314, 149.314
2023-11-05 02:58, USDJPY, 149.314, 149.314, 149.314, 149.314
2023-11-05 02:59, USDJPY, 149.314, 149.314, 149.314, 149.314
2023-11-05 03:00, USDJPY, 149.314, 149.314, 149.314, 149.314
2023-11-05 03:01, USDJPY, 149.314, 149.314, 149.314, 149.314
2023-11-05 03:02, USDJPY, 149.314, 149.314, 149.314, 149.314
2023-11-05 03:03, USDJPY, 149.314, 149.314, 149.314, 149.314
2023-11-05 03:04, USDJPY, 149.314, 149.314, 149.314, 149.314
2023-11-05 03:05, USDJPY, 149.314, 149.314, 149.314, 149.314
2023-11-05 03:06, USDJPY, 149.314, 149.314, 149.314, 149.314
2023-11-05 03:07, USDJPY, 149.314, 149.314, 149.314, 149.314
2023-11-05 03:08, USDJPY, 149.314, 149.314, 149.314, 149.314
2023-11-05 03:09, USDJPY, 149.314, 149.314, 149.314, 149.314
2023-11-05 03:10, USDJPY, 149.314, 149.314, 149.314, 149.314
2023-11-05 03:11, USDJPY, 149.314, 149.314, 149.314, 149.314
2023-11-05 03:12, USDJPY, 149.314, 149.314, 149.314, 149.314
2023-11-05 03:13, USDJPY, 149.314, 149.314, 149.314, 149.314
2023-11-05 03:14, USDJPY, 149.314, 149.314, 149.314, 149.314
2023-11-05 03:15, USDJPY, 149.314, 149.314, 149.314, 149.314
2023-11-05 03:16, USDJPY, 149.314, 149.314, 149.314, 149.314
2023-11-05 03:17, USDJPY, 149.314, 149.314, 149.314, 149.314
2023-11-05 03:18, USDJPY, 149.314, 149.314, 149.314, 149.314
2023-11-05 03:19, USDJPY, 149.314, 149.314, 149.314, 149.314
2023-11-05 03:20, USDJPY, 149.314, 149.314, 149.314, 149.314
2023-11-05 03:21, USDJPY, 149.314, 149.314, 149.314, 149.314
2023-11-05 03:22, USDJPY, 149.314, 149.314, 149.314, 149.314
2023-11-05 03:23, USDJPY, 149.314, 149.314, 149.314, 149.314
2023-11-05 03:24, USDJPY, 149.314, 149.314, 149.314, 149.314
2023-11-05 03:25, USDJPY, 149.314, 149.314, 149.314, 149.314
2023-11-05 03:26, USDJPY, 149.314, 149.314, 149.314, 149.314
2023-11-05 03:27, USDJPY, 149.314, 149.314, 149.314, 149.314
2023-11-05 03:28, USDJPY, 149.314, 149.314, 149.314, 149.314
2023-11-05 03:29, USDJPY, 149.314, 149.314, 149.314, 149.314
2023-11-05 03:30, USDJPY, 149.314, 149.314, 149.314, 149.314
2023-11-05 03:31, USDJPY, 149.314, 149.314, 149.314, 149.314
2023-11-05 03:32, USDJPY, 149.314, 149.314, 149.314, 149.314
2023-11-05 03:33, USDJPY, 149.314, 149.314, 149.314, 149.314
2023-11-05 03:34, USDJPY, 149.314, 149.314, 149.314, 149.314
2023-11-05 03:35, USDJPY, 149.314, 149.314, 149.314, 149.314
2023-11-05 03:36, USDJPY, 149.314, 149.314, 149.314, 149.314
2023-11-05 03:37, USDJPY, 149.314, 149.314, 149.314, 149.314
2023-11-05 03:38, USDJPY, 149.314, 149.314, 149.314, 149.314
2023-11-05 03:39, USDJPY, 149.314, 149.314, 149.314, 149.314
2023-11-05 03:40, USDJPY, 149.314, 149.314, 149.314, 149.314
2023-11-05 03:41, USDJPY, 149.314, 149.314, 149.314, 149.314
2023-11-05 03:42, USDJPY, 149.314, 149.314, 149.314, 149.314
2023-11-05 03:43, USDJPY, 149.314, 149.314, 149.314, 149.314
2023-11-05 03:44, USDJPY, 149.314, 149.314, 149.314, 149.314
2023-11-05 03:45, USDJPY, 149.314, 149.314, 149.314, 149.314
2023-11-05 03:46, USDJPY, 149.314, 149.314, 149.314, 149.314
2023-11-05 03:47, USDJPY, 149.314, 149.314, 149.314, 149.314
2023-11-05 03:48, USDJPY, 149.314, 149.314, 149.314, 149.314
2023-11-05 03:49, USDJPY, 149.314, 149.314, 149.314, 149.314
2023-11-05 03:50, USDJPY, 149.314, 149.314, 149.314, 149.314
2023-11-05 03:51, USDJPY, 149.314, 149.314, 149.314, 149.314
2023-11-05 03:52, USDJPY, 149.314, 149.314, 149.314, 149.314
2023-11-05 03:53, USDJPY, 149.314, 149.314, 149.314, 149.314
2023-11-05 03:54, USDJPY, 149.314, 149.314, 149.314, 149.314
2023-11-05 03:55, USDJPY, 149.314, 149.314, 149.314, 149.314
2023-11-05 03:56, USDJPY, 149.314, 149.314, 149.314, 149.314
2023-11-05 03:57, USDJPY, 149.314, 149.314, 149.314, 149.314
2023-11-05 03:58, USDJPY, 149.314, 149.314, 149.314, 149.314
2023-11-05 03:59, USDJPY, 149.314, 149.314, 149.314, 149.314
2023-11-05 04:00, USDJPY, 149.314, 149.314, 149.314, 149.314
2023-11-05 04:01, USDJPY, 149.314, 149.314, 149.314, 149.314
2023-11-05 04:02, USDJPY, 149.314, 149.314, 149.314, 149.314
2023-11-05 04:03, USDJPY, 149.314, 149.314, 149.314, 149.314
2023-11-05 04:04, USDJPY, 149.314, 149.314, 149.314, 149.314
2023-11-05 04:05, USDJPY, 149.314, 149.314, 149.314, 149.314
2023-11-05 04:06, USDJPY, 149.314, 149.314, 149.314, 149.314
2023-11-05 04:07, USDJPY, 149.314, 149.314, 149.314, 149.314
2023-11-05 04:08, USDJPY, 149.314, 149.314, 149.314, 149.314
2023-11-05 04:09, USDJPY, 149.314, 149.314, 149.314, 149.314
2023-11-05 04:10, USDJPY, 149.314, 149.314, 149.314, 149.314
2023-11-05 04:11, USDJPY, 149.314, 149.314, 149.314, 149.314
2023-11-05 04:12, USDJPY, 149.314, 149.314, 149.314, 149.314
2023-11-05 04:13, USDJPY, 149.314, 149.314, 149.314, 149.314
2023-11-05 04:14, USDJPY, 149.314, 149.314, 149.314, 149.314
2023-11-05 04:15, USDJPY, 149.314, 149.314, 149.314, 149.314
2023-11-05 04:16, USDJPY, 149.314, 149.314, 149.314, 149.314
2023-11-05 04:17, USDJPY, 149.314, 149.314, 149.314, 149.314
2023-11-05 04:18, USDJPY, 149.314, 149.314, 149.314, 149.314
2023-11-05 04:19, USDJPY, 149.314, 149.314, 149.314, 149.314
2023-11-05 04:20, USDJPY, 149.314, 149.314, 149.314, 149.314
2023-11-05 04:21, USDJPY, 149.314, 149.314, 149.314, 149.314
2023-11-05 04:22, USDJPY, 149.314, 149.314, 149.314, 149.314
2023-11-05 04:23, USDJPY, 149.314, 149.314, 149.314, 149.314
2023-11-05 04:24, USDJPY, 149.314, 149.314, 149.314, 149.314
2023-11-05 04:25, USDJPY, 149.314, 149.314, 149.314, 149.314
2023-11-05 04:26, USDJPY, 149.314, 149.314, 149.314, 149.314
2023-11-05 04:27, USDJPY, 149.314, 149.314, 149.314, 149.314
2023-11-05 04:28, USDJPY, 149.314, 149.314, 149.314, 149.314
2023-11-05 04:29, USDJPY, 149.314, 149.314, 149.314, 149.314
2023-11-05 04:30, USDJPY, 149.314, 149.314, 149.314, 149.314
2023-11-05 04:31, USDJPY, 149.314, 149.314, 149.314, 149.314
2023-11-05 04:32, USDJPY, 149.314, 149.314, 149.314, 149.314
2023-11-05 04:33, USDJPY, 149.314, 149.314, 149.314, 149.314
2023-11-05 04:34, USDJPY, 149.314, 149.314, 149.314, 149.314
2023-11-05 04:35, USDJPY, 149.314, 149.314, 149.314, 149.314
2023-11-05 04:36, USDJPY, 149.314, 149.314, 149.314, 149.314
2023-11-05 04:37, USDJPY, 149.314, 149.314, 149.314, 149.314
2023-11-05 04:38, USDJPY, 149.314, 149.314, 149.314, 149.314
2023-11-05 04:39, USDJPY, 149.314, 149.314, 149.314, 149.314
2023-11-05 04:40, USDJPY, 149.314, 149.314, 149.314, 149.314
2023-11-05 04:41, USDJPY, 149.314, 149.314, 149.314, 149.314
2023-11-05 04:42, USDJPY, 149.314, 149.314, 149.314, 149.314
2023-11-05 04:43, USDJPY, 149.314, 149.314, 149.314, 149.314
2023-11-05 04:44, USDJPY, 149.314, 149.314, 149.314, 149.314
2023-11-05 04:45, USDJPY, 149.314, 149.314, 149.314, 149.314
2023-11-05 04:46, USDJPY, 149.314, 149.314, 149.314, 149.314
2023-11-05 04:47, USDJPY, 149.314, 149.314, 149.314, 149.314
2023-11-05 04:48, USDJPY, 149.314, 149.314, 149.314, 149.314
2023-11-05 04:49, USDJPY, 149.314, 149.314, 149.314, 149.314
2023-11-05 04:50, USDJPY, 149.314, 149.314, 149.314, 149.314
2023-11-05 04:51, USDJPY, 149.314, 149.314, 149.314, 149.314
2023-11-05 04:52, USDJPY, 149.314, 149.314, 149.314, 149.314
2023-11-05 04:53, USDJPY, 149.314, 149.314, 149.314, 149.314
2023-11-05 04:54, USDJPY, 149.314, 149.314, 149.314, 149.314
2023-11-05 04:55, USDJPY, 149.314, 149.314, 149.314, 149.314
2023-11-05 04:56, USDJPY, 149.314, 149.314, 149.314, 149.314
2023-11-05 04:57, USDJPY, 149.314, 149.314, 149.314, 149.314
2023-11-05 04:58, USDJPY, 149.314, 149.314, 149.314, 149.314
2023-11-05 04:59, USDJPY, 149.314, 149.314, 149.314, 149.314
2023-11-05 05:00, USDJPY, 149.314, 149.314, 149.314, 149.314
2023-11-05 05:01, USDJPY, 149.314, 149.314, 149.314, 149.314
2023-11-05 05:02, USDJPY, 149.314, 149.314, 149.314, 149.314
2023-11-05 05:03, USDJPY, 149.314, 149.314, 149.314, 149.314
2023-11-05 05:04, USDJPY, 149.314, 149.314, 149.314, 149.314
2023-11-05 05:05, USDJPY, 149.314, 149.314, 149.314, 149.314
2023-11-05 05:06, USDJPY, 149.314, 149.314, 149.314, 149.314
2023-11-05 05:07, USDJPY, 149.314, 149.314, 149.314, 149.314
2023-11-05 05:08, USDJPY, 149.314, 149.314, 149.314, 149.314
2023-11-05 05:09, USDJPY, 149.314, 149.314, 149.314, 149.314
2023-11-05 05:10, USDJPY, 149.314, 149.314, 149.314, 149.314
2023-11-05 05:11, USDJPY, 149.314, 149.314, 149.314, 149.314
2023-11-05 05:12, USDJPY, 149.314, 149.314, 149.314, 149.314
2023-11-05 05:13, USDJPY, 149.314, 149.314, 149.314, 149.314
2023-11-05 05:14, USDJPY, 149.314, 149.314, 149.314, 149.314
2023-11-05 05:15, USDJPY, 149.314, 149.314, 149.314, 149.314
2023-11-05 05:16, USDJPY, 149.314, 149.314, 149.314, 149.314
2023-11-05 05:17, USDJPY, 149.314, 149.314, 149.314, 149.314
2023-11-05 05:18, USDJPY, 149.314, 149.314, 149.314, 149.314
2023-11-05 05:19, USDJPY, 149.314, 149.314, 149.314, 149.314
2023-11-05 05:20, USDJPY, 149.314, 149.314, 149.314, 149.314
2023-11-05 05:21, USDJPY, 149.314, 149.314, 149.314, 149.314
2023-11-05 05:22, USDJPY, 149.314, 149.314, 149.314, 149.314
2023-11-05 05:23, USDJPY, 149.314, 149.314, 149.314, 149.314
2023-11-05 05:24, USDJPY, 149.314, 149.314, 149.314, 149.314
2023-11-05 05:25, USDJPY, 149.314, 149.314, 149.314, 149.314
2023-11-05 05:26, USDJPY, 149.314, 149.314, 149.314, 149.314
2023-11-05 05:27, USDJPY, 149.314, 149.314, 149.314, 149.314
2023-11-05 05:28, USDJPY, 149.314, 149.314, 149.314, 149.314
2023-11-05 05:29, USDJPY, 149.314, 149.314, 149.314, 149.314
2023-11-05 05:30, USDJPY, 149.314, 149.314, 149.314, 149.314
2023-11-05 05:31, USDJPY, 149.314, 149.314, 149.314, 149.314
2023-11-05 05:32, USDJPY, 149.314, 149.314, 149.314, 149.314
2023-11-05 05:33, USDJPY, 149.314, 149.314, 149.314, 149.314
2023-11-05 05:34, USDJPY, 149.314, 149.314, 149.314, 149.314
2023-11-05 05:35, USDJPY, 149.314, 149.314, 149.314, 149.314
2023-11-05 05:36, USDJPY, 149.314, 149.314, 149.314, 149.314
2023-11-05 05:37, USDJPY, 149.314, 149.314, 149.314, 149.314
2023-11-05 05:38, USDJPY, 149.314, 149.314, 149.314, 149.314
2023-11-05 05:39, USDJPY, 149.314, 149.314, 149.314, 149.314
2023-11-05 05:40, USDJPY, 149.314, 149.314, 149.314, 149.314
2023-11-05 05:41, USDJPY, 149.314, 149.314, 149.314, 149.314
2023-11-05 05:42, USDJPY, 149.314, 149.314, 149.314, 149.314
2023-11-05 05:43, USDJPY, 149.314, 149.314, 149.314, 149.314
2023-11-05 05:44, USDJPY, 149.314, 149.314, 149.314, 149.314
2023-11-05 05:45, USDJPY, 149.314, 149.314, 149.314, 149.314
2023-11-05 05:46, USDJPY, 149.314, 149.314, 149.314, 149.314
2023-11-05 05:47, USDJPY, 149.314, 149.314, 149.314, 149.314
2023-11-05 05:48, USDJPY, 149.314, 149.314, 149.314, 149.314
2023-11-05 05:49, USDJPY, 149.314, 149.314, 149.314, 149.314
2023-11-05 05:50, USDJPY, 149.314, 149.314, 149.314, 149.314
2023-11-05 05:51, USDJPY, 149.314, 149.314, 149.314, 149.314
2023-11-05 05:52, USDJPY, 149.314, 149.314, 149.314, 149.314
2023-11-05 05:53, USDJPY, 149.314, 149.314, 149.314, 149.314
2023-11-05 05:54, USDJPY, 149.314, 149.314, 149.314, 149.314
2023-11-05 05:55, USDJPY, 149.314, 149.314, 149.314, 149.314
2023-11-05 05:56, USDJPY, 149.314, 149.314, 149.314, 149.314
2023-11-05 05:57, USDJPY, 149.314, 149.314, 149.314, 149.314
2023-11-05 05:58, USDJPY, 149.314, 149.314, 149.314, 149.314
2023-11-05 05:59, USDJPY, 149.314, 149.314, 149.314, 149.314
2023-11-05 06:00, USDJPY, 149.314, 149.314, 149.314, 149.314
2023-11-05 06:01, USDJPY, 149.314, 149.314, 149.314, 149.314
2023-11-05 06:02, USDJPY, 149.314, 149.314, 149.314, 149.314
2023-11-05 06:03, USDJPY, 149.314, 149.314, 149.314, 149.314
2023-11-05 06:04, USDJPY, 149.314, 149.314, 149.314, 149.314
2023-11-05 06:05, USDJPY, 149.314, 149.314, 149.314, 149.314
2023-11-05 06:06, USDJPY, 149.314, 149.314, 149.314, 149.314
2023-11-05 06:07, USDJPY, 149.314, 149.314, 149.314, 149.314
2023-11-05 06:08, USDJPY, 149.314, 149.314, 149.314, 149.314
2023-11-05 06:09, USDJPY, 149.314, 149.314, 149.314, 149.314
2023-11-05 06:10, USDJPY, 149.314, 149.314, 149.314, 149.314
2023-11-05 06:11, USDJPY, 149.314, 149.314, 149.314, 149.314
2023-11-05 06:12, USDJPY, 149.314, 149.314, 149.314, 149.314
2023-11-05 06:13, USDJPY, 149.314, 149.314, 149.314, 149.314
2023-11-05 06:14, USDJPY, 149.314, 149.314, 149.314, 149.314
2023-11-05 06:15, USDJPY, 149.314, 149.314, 149.314, 149.314
2023-11-05 06:16, USDJPY, 149.314, 149.314, 149.314, 149.314
2023-11-05 06:17, USDJPY, 149.314, 149.314, 149.314, 149.314
2023-11-05 06:18, USDJPY, 149.314, 149.314, 149.314, 149.314
2023-11-05 06:19, USDJPY, 149.314, 149.314, 149.314, 149.314
2023-11-05 06:20, USDJPY, 149.314, 149.314, 149.314, 149.314
2023-11-05 06:21, USDJPY, 149.314, 149.314, 149.314, 149.314
2023-11-05 06:22, USDJPY, 149.314, 149.314, 149.314, 149.314
2023-11-05 06:23, USDJPY, 149.314, 149.314, 149.314, 149.314
2023-11-05 06:24, USDJPY, 149.314, 149.314, 149.314, 149.314
2023-11-05 06:25, USDJPY, 149.314, 149.314, 149.314, 149.314
2023-11-05 06:26, USDJPY, 149.314, 149.314, 149.314, 149.314
2023-11-05 06:27, USDJPY, 149.314, 149.314, 149.314, 149.314
2023-11-05 06:28, USDJPY, 149.314, 149.314, 149.314, 149.314
2023-11-05 06:29, USDJPY, 149.314, 149.314, 149.314, 149.314
2023-11-05 06:30, USDJPY, 149.314, 149.314, 149.314, 149.314
2023-11-05 06:31, USDJPY, 149.314, 149.314, 149.314, 149.314
2023-11-05 06:32, USDJPY, 149.314, 149.314, 149.314, 149.314
2023-11-05 06:33, USDJPY, 149.314, 149.314, 149.314, 149.314
2023-11-05 06:34, USDJPY, 149.314, 149.314, 149.314, 149.314
2023-11-05 06:35, USDJPY, 149.314, 149.314, 149.314, 149.314
2023-11-05 06:36, USDJPY, 149.314, 149.314, 149.314, 149.314
2023-11-05 06:37, USDJPY, 149.314, 149.314, 149.314, 149.314
2023-11-05 06:38, USDJPY, 149.314, 149.314, 149.314, 149.314
2023-11-05 06:39, USDJPY, 149.314, 149.314, 149.314, 149.314
2023-11-05 06:40, USDJPY, 149.314, 149.314, 149.314, 149.314
2023-11-05 06:41, USDJPY, 149.314, 149.314, 149.314, 149.314
2023-11-05 06:42, USDJPY, 149.314, 149.314, 149.314, 149.314
2023-11-05 06:43, USDJPY, 149.314, 149.314, 149.314, 149.314
2023-11-05 06:44, USDJPY, 149.314, 149.314, 149.314, 149.314
2023-11-05 06:45, USDJPY, 149.314, 149.314, 149.314, 149.314
2023-11-05 06:46, USDJPY, 149.314, 149.314, 149.314, 149.314
2023-11-05 06:47, USDJPY, 149.314, 149.314, 149.314, 149.314
2023-11-05 06:48, USDJPY, 149.314, 149.314, 149.314, 149.314
2023-11-05 06:49, USDJPY, 149.314, 149.314, 149.314, 149.314
2023-11-05 06:50, USDJPY, 149.314, 149.314, 149.314, 149.314
2023-11-05 06:51, USDJPY, 149.314, 149.314, 149.314, 149.314
2023-11-05 06:52, USDJPY, 149.314, 149.314, 149.314, 149.314
2023-11-05 06:53, USDJPY, 149.314, 149.314, 149.314, 149.314
2023-11-05 06:54, USDJPY, 149.314, 149.314, 149.314, 149.314
2023-11-05 06:55, USDJPY, 149.314, 149.314, 149.314, 149.314
2023-11-05 06:56, USDJPY, 149.314, 149.314, 149.314, 149.314
2023-11-05 06:57, USDJPY, 149.314, 149.314, 149.314, 149.314
2023-11-05 06:58, USDJPY, 149.314, 149.314, 149.314, 149.314
2023-11-05 06:59, USDJPY, 149.314, 149.314, 149.314, 149.314
2023-11-05 07:00, USDJPY, 149.314, 149.314, 149.314, 149.314
2023-11-05 07:01, USDJPY, 149.314, 149.314, 149.314, 149.314
2023-11-05 07:02, USDJPY, 149.314, 149.314, 149.314, 149.314
2023-11-05 07:03, USDJPY, 149.314, 149.314, 149.314, 149.314
2023-11-05 07:04, USDJPY, 149.314, 149.314, 149.314, 149.314
2023-11-05 07:05, USDJPY, 149.314, 149.314, 149.314, 149.314
2023-11-05 07:06, USDJPY, 149.314, 149.314, 149.314, 149.314
2023-11-05 07:07, USDJPY, 149.314, 149.314, 149.314, 149.314
2023-11-05 07:08, USDJPY, 149.314, 149.314, 149.314, 149.314
2023-11-05 07:09, USDJPY, 149.314, 149.314, 149.314, 149.314
2023-11-05 07:10, USDJPY, 149.314, 149.314, 149.314, 149.314
2023-11-05 07:11, USDJPY, 149.314, 149.314, 149.314, 149.314
2023-11-05 07:12, USDJPY, 149.314, 149.314, 149.314, 149.314
2023-11-05 07:13, USDJPY, 149.314, 149.314, 149.314, 149.314
2023-11-05 07:14, USDJPY, 149.314, 149.314, 149.314, 149.314
2023-11-05 07:15, USDJPY, 149.314, 149.314, 149.314, 149.314
2023-11-05 07:16, USDJPY, 149.314, 149.314, 149.314, 149.314
2023-11-05 07:17, USDJPY, 149.314, 149.314, 149.314, 149.314
2023-11-05 07:18, USDJPY, 149.314, 149.314, 149.314, 149.314
2023-11-05 07:19, USDJPY, 149.314, 149.314, 149.314, 149.314
2023-11-05 07:20, USDJPY, 149.314, 149.314, 149.314, 149.314
2023-11-05 07:21, USDJPY, 149.314, 149.314, 149.314, 149.314
2023-11-05 07:22, USDJPY, 149.314, 149.314, 149.314, 149.314
2023-11-05 07:23, USDJPY, 149.314, 149.314, 149.314, 149.314
2023-11-05 07:24, USDJPY, 149.314, 149.314, 149.314, 149.314
2023-11-05 07:25, USDJPY, 149.314, 149.314, 149.314, 149.314
2023-11-05 07:26, USDJPY, 149.314, 149.314, 149.314, 149.314
2023-11-05 07:27, USDJPY, 149.314, 149.314, 149.314, 149.314
2023-11-05 07:28, USDJPY, 149.314, 149.314, 149.314, 149.314
2023-11-05 07:29, USDJPY, 149.314, 149.314, 149.314, 149.314
2023-11-05 07:30, USDJPY, 149.314, 149.314, 149.314, 149.314
2023-11-05 07:31, USDJPY, 149.314, 149.314, 149.314, 149.314
2023-11-05 07:32, USDJPY, 149.314, 149.314, 149.314, 149.314
2023-11-05 07:33, USDJPY, 149.314, 149.314, 149.314, 149.314
2023-11-05 07:34, USDJPY, 149.314, 149.314, 149.314, 149.314
2023-11-05 07:35, USDJPY, 149.314, 149.314, 149.314, 149.314
2023-11-05 07:36, USDJPY, 149.314, 149.314, 149.314, 149.314
2023-11-05 07:37, USDJPY, 149.314, 149.314, 149.314, 149.314
2023-11-05 07:38, USDJPY, 149.314, 149.314, 149.314, 149.314
2023-11-05 07:39, USDJPY, 149.314, 149.314, 149.314, 149.314
2023-11-05 07:40, USDJPY, 149.314, 149.314, 149.314, 149.314
2023-11-05 07:41, USDJPY, 149.314, 149.314, 149.314, 149.314
2023-11-05 07:42, USDJPY, 149.314, 149.314, 149.314, 149.314
2023-11-05 07:43, USDJPY, 149.314, 149.314, 149.314, 149.314
2023-11-05 07:44, USDJPY, 149.314, 149.314, 149.314, 149.314
2023-11-05 07:45, USDJPY, 149.314, 149.314, 149.314, 149.314
2023-11-05 07:46, USDJPY, 149.314, 149.314, 149.314, 149.314
2023-11-05 07:47, USDJPY, 149.314, 149.314, 149.314, 149.314
2023-11-05 07:48, USDJPY, 149.314, 149.314, 149.314, 149.314
2023-11-05 07:49, USDJPY, 149.314, 149.314, 149.314, 149.314
2023-11-05 07:50, USDJPY, 149.314, 149.314, 149.314, 149.314
2023-11-05 07:51, USDJPY, 149.314, 149.314, 149.314, 149.314
2023-11-05 07:52, USDJPY, 149.314, 149.314, 149.314, 149.314
2023-11-05 07:53, USDJPY, 149.314, 149.314, 149.314, 149.314
2023-11-05 07:54, USDJPY, 149.314, 149.314, 149.314, 149.314
2023-11-05 07:55, USDJPY, 149.314, 149.314, 149.314, 149.314
2023-11-05 07:56, USDJPY, 149.314, 149.314, 149.314, 149.314
2023-11-05 07:57, USDJPY, 149.314, 149.314, 149.314, 149.314
2023-11-05 07:58, USDJPY, 149.314, 149.314, 149.314, 149.314
2023-11-05 07:59, USDJPY, 149.314, 149.314, 149.314, 149.314
2023-11-05 08:00, USDJPY, 149.314, 149.314, 149.314, 149.314
2023-11-05 08:01, USDJPY, 149.314, 149.314, 149.314, 149.314
2023-11-05 08:02, USDJPY, 149.314, 149.314, 149.314, 149.314
2023-11-05 08:03, USDJPY, 149.314, 149.314, 149.314, 149.314
2023-11-05 08:04, USDJPY, 149.314, 149.314, 149.314, 149.314
2023-11-05 08:05, USDJPY, 149.314, 149.314, 149.314, 149.314
2023-11-05 08:06, USDJPY, 149.314, 149.314, 149.314, 149.314
2023-11-05 08:07, USDJPY, 149.314, 149.314, 149.314, 149.314
2023-11-05 08:08, USDJPY, 149.314, 149.314, 149.314, 149.314
2023-11-05 08:09, USDJPY, 149.314, 149.314, 149.314, 149.314
2023-11-05 08:10, USDJPY, 149.314, 149.314, 149.314, 149.314
2023-11-05 08:11, USDJPY, 149.314, 149.314, 149.314, 149.314
2023-11-05 08:12, USDJPY, 149.314, 149.314, 149.314, 149.314
2023-11-05 08:13, USDJPY, 149.314, 149.314, 149.314, 149.314
2023-11-05 08:14, USDJPY, 149.314, 149.314, 149.314, 149.314
2023-11-05 08:15, USDJPY, 149.314, 149.314, 149.314, 149.314
2023-11-05 08:16, USDJPY, 149.314, 149.314, 149.314, 149.314
2023-11-05 08:17, USDJPY, 149.314, 149.314, 149.314, 149.314
2023-11-05 08:18, USDJPY, 149.314, 149.314, 149.314, 149.314
2023-11-05 08:19, USDJPY, 149.314, 149.314, 149.314, 149.314
2023-11-05 08:20, USDJPY, 149.314, 149.314, 149.314, 149.314
2023-11-05 08:21, USDJPY, 149.314, 149.314, 149.314, 149.314
2023-11-05 08:22, USDJPY, 149.314, 149.314, 149.314, 149.314
2023-11-05 08:23, USDJPY, 149.314, 149.314, 149.314, 149.314
2023-11-05 08:24, USDJPY, 149.314, 149.314, 149.314, 149.314
2023-11-05 08:25, USDJPY, 149.314, 149.314, 149.314, 149.314
2023-11-05 08:26, USDJPY, 149.314, 149.314, 149.314, 149.314
2023-11-05 08:27, USDJPY, 149.314, 149.314, 149.314, 149.314
2023-11-05 08:28, USDJPY, 149.314, 149.314, 149.314, 149.314
2023-11-05 08:29, USDJPY, 149.314, 149.314, 149.314, 149.314
2023-11-05 08:30, USDJPY, 149.314, 149.314, 149.314, 149.314
2023-11-05 08:31, USDJPY, 149.314, 149.314, 149.314, 149.314
2023-11-05 08:32, USDJPY, 149.314, 149.314, 149.314, 149.314
2023-11-05 08:33, USDJPY, 149.314, 149.314, 149.314, 149.314
2023-11-05 08:34, USDJPY, 149.314, 149.314, 149.314, 149.314
2023-11-05 08:35, USDJPY, 149.314, 149.314, 149.314, 149.314
2023-11-05 08:36, USDJPY, 149.314, 149.314, 149.314, 149.314
2023-11-05 08:37, USDJPY, 149.314, 149.314, 149.314, 149.314
2023-11-05 08:38, USDJPY, 149.314, 149.314, 149.314, 149.314
2023-11-05 08:39, USDJPY, 149.314, 149.314, 149.314, 149.314
2023-11-05 08:40, USDJPY, 149.314, 149.314, 149.314, 149.314
2023-11-05 08:41, USDJPY, 149.314, 149.314, 149.314, 149.314
2023-11-05 08:42, USDJPY, 149.314, 149.314, 149.314, 149.314
2023-11-05 08:43, USDJPY, 149.314, 149.314, 149.314, 149.314
2023-11-05 08:44, USDJPY, 149.314, 149.314, 149.314, 149.314
2023-11-05 08:45, USDJPY, 149.314, 149.314, 149.314, 149.314
2023-11-05 08:46, USDJPY, 149.314, 149.314, 149.314, 149.314
2023-11-05 08:47, USDJPY, 149.314, 149.314, 149.314, 149.314
2023-11-05 08:48, USDJPY, 149.314, 149.314, 149.314, 149.314
2023-11-05 08:49, USDJPY, 149.314, 149.314, 149.314, 149.314
2023-11-05 08:50, USDJPY, 149.314, 149.314, 149.314, 149.314
2023-11-05 08:51, USDJPY, 149.314, 149.314, 149.314, 149.314
2023-11-05 08:52, USDJPY, 149.314, 149.314, 149.314, 149.314
2023-11-05 08:53, USDJPY, 149.314, 149.314, 149.314, 149.314
2023-11-05 08:54, USDJPY, 149.314, 149.314, 149.314, 149.314
2023-11-05 08:55, USDJPY, 149.314, 149.314, 149.314, 149.314
2023-11-05 08:56, USDJPY, 149.314, 149.314, 149.314, 149.314
2023-11-05 08:57, USDJPY, 149.314, 149.314, 149.314, 149.314
2023-11-05 08:58, USDJPY, 149.314, 149.314, 149.314, 149.314
2023-11-05 08:59, USDJPY, 149.314, 149.314, 149.314, 149.314
2023-11-05 09:00, USDJPY, 149.314, 149.314, 149.314, 149.314
2023-11-05 09:01, USDJPY, 149.314, 149.314, 149.314, 149.314
2023-11-05 09:02, USDJPY, 149.314, 149.314, 149.314, 149.314
2023-11-05 09:03, USDJPY, 149.314, 149.314, 149.314, 149.314
2023-11-05 09:04, USDJPY, 149.314, 149.314, 149.314, 149.314
2023-11-05 09:05, USDJPY, 149.314, 149.314, 149.314, 149.314
2023-11-05 09:06, USDJPY, 149.314, 149.314, 149.314, 149.314
2023-11-05 09:07, USDJPY, 149.314, 149.314, 149.314, 149.314
2023-11-05 09:08, USDJPY, 149.314, 149.314, 149.314, 149.314
2023-11-05 09:09, USDJPY, 149.314, 149.314, 149.314, 149.314
2023-11-05 09:10, USDJPY, 149.314, 149.314, 149.314, 149.314
2023-11-05 09:11, USDJPY, 149.314, 149.314, 149.314, 149.314
2023-11-05 09:12, USDJPY, 149.314, 149.314, 149.314, 149.314
2023-11-05 09:13, USDJPY, 149.314, 149.314, 149.314, 149.314
2023-11-05 09:14, USDJPY, 149.314, 149.314, 149.314, 149.314
2023-11-05 09:15, USDJPY, 149.314, 149.314, 149.314, 149.314
2023-11-05 09:16, USDJPY, 149.314, 149.314, 149.314, 149.314
2023-11-05 09:17, USDJPY, 149.314, 149.314, 149.314, 149.314
2023-11-05 09:18, USDJPY, 149.314, 149.314, 149.314, 149.314
2023-11-05 09:19, USDJPY, 149.314, 149.314, 149.314, 149.314
2023-11-05 09:20, USDJPY, 149.314, 149.314, 149.314, 149.314
2023-11-05 09:21, USDJPY, 149.314, 149.314, 149.314, 149.314
2023-11-05 09:22, USDJPY, 149.314, 149.314, 149.314, 149.314
2023-11-05 09:23, USDJPY, 149.314, 149.314, 149.314, 149.314
2023-11-05 09:24, USDJPY, 149.314, 149.314, 149.314, 149.314
2023-11-05 09:25, USDJPY, 149.314, 149.314, 149.314, 149.314
2023-11-05 09:26, USDJPY, 149.314, 149.314, 149.314, 149.314
2023-11-05 09:27, USDJPY, 149.314, 149.314, 149.314, 149.314
2023-11-05 09:28, USDJPY, 149.314, 149.314, 149.314, 149.314
2023-11-05 09:29, USDJPY, 149.314, 149.314, 149.314, 149.314
2023-11-05 09:30, USDJPY, 149.314, 149.314, 149.314, 149.314
2023-11-05 09:31, USDJPY, 149.314, 149.314, 149.314, 149.314
2023-11-05 09:32, USDJPY, 149.314, 149.314, 149.314, 149.314
2023-11-05 09:33, USDJPY, 149.314, 149.314, 149.314, 149.314
2023-11-05 09:34, USDJPY, 149.314, 149.314, 149.314, 149.314
2023-11-05 09:35, USDJPY, 149.314, 149.314, 149.314, 149.314
2023-11-05 09:36, USDJPY, 149.314, 149.314, 149.314, 149.314
2023-11-05 09:37, USDJPY, 149.314, 149.314, 149.314, 149.314
2023-11-05 09:38, USDJPY, 149.314, 149.314, 149.314, 149.314
2023-11-05 09:39, USDJPY, 149.314, 149.314, 149.314, 149.314
2023-11-05 09:40, USDJPY, 149.314, 149.314, 149.314, 149.314
2023-11-05 09:41, USDJPY, 149.314, 149.314, 149.314, 149.314
2023-11-05 09:42, USDJPY, 149.314, 149.314, 149.314, 149.314
2023-11-05 09:43, USDJPY, 149.314, 149.314, 149.314, 149.314
2023-11-05 09:44, USDJPY, 149.314, 149.314, 149.314, 149.314
2023-11-05 09:45, USDJPY, 149.314, 149.314, 149.314, 149.314
2023-11-05 09:46, USDJPY, 149.314, 149.314, 149.314, 149.314
2023-11-05 09:47, USDJPY, 149.314, 149.314, 149.314, 149.314
2023-11-05 09:48, USDJPY, 149.314, 149.314, 149.314, 149.314
2023-11-05 09:49, USDJPY, 149.314, 149.314, 149.314, 149.314
2023-11-05 09:50, USDJPY, 149.314, 149.314, 149.314, 149.314
2023-11-05 09:51, USDJPY, 149.314, 149.314, 149.314, 149.314
2023-11-05 09:52, USDJPY, 149.314, 149.314, 149.314, 149.314
2023-11-05 09:53, USDJPY, 149.314, 149.314, 149.314, 149.314
2023-11-05 09:54, USDJPY, 149.314, 149.314, 149.314, 149.314
2023-11-05 09:55, USDJPY, 149.314, 149.314, 149.314, 149.314
2023-11-05 09:56, USDJPY, 149.314, 149.314, 149.314, 149.314
2023-11-05 09:57, USDJPY, 149.314, 149.314, 149.314, 149.314
2023-11-05 09:58, USDJPY, 149.314, 149.314, 149.314, 149.314
2023-11-05 09:59, USDJPY, 149.314, 149.314, 149.314, 149.314
2023-11-05 10:00, USDJPY, 149.314, 149.314, 149.314, 149.314
2023-11-05 10:01, USDJPY, 149.314, 149.314, 149.314, 149.314
2023-11-05 10:02, USDJPY, 149.314, 149.314, 149.314, 149.314
2023-11-05 10:03, USDJPY, 149.314, 149.314, 149.314, 149.314
2023-11-05 10:04, USDJPY, 149.314, 149.314, 149.314, 149.314
2023-11-05 10:05, USDJPY, 149.314, 149.314, 149.314, 149.314
2023-11-05 10:06, USDJPY, 149.314, 149.314, 149.314, 149.314
2023-11-05 10:07, USDJPY, 149.314, 149.314, 149.314, 149.314
2023-11-05 10:08, USDJPY, 149.314, 149.314, 149.314, 149.314
2023-11-05 10:09, USDJPY, 149.314, 149.314, 149.314, 149.314
2023-11-05 10:10, USDJPY, 149.314, 149.314, 149.314, 149.314
2023-11-05 10:11, USDJPY, 149.314, 149.314, 149.314, 149.314
2023-11-05 10:12, USDJPY, 149.314, 149.314, 149.314, 149.314
2023-11-05 10:13, USDJPY, 149.314, 149.314, 149.314, 149.314
2023-11-05 10:14, USDJPY, 149.314, 149.314, 149.314, 149.314
2023-11-05 10:15, USDJPY, 149.314, 149.314, 149.314, 149.314
2023-11-05 10:16, USDJPY, 149.314, 149.314, 149.314, 149.314
2023-11-05 10:17, USDJPY, 149.314, 149.314, 149.314, 149.314
2023-11-05 10:18, USDJPY, 149.314, 149.314, 149.314, 149.314
2023-11-05 10:19, USDJPY, 149.314, 149.314, 149.314, 149.314
2023-11-05 10:20, USDJPY, 149.314, 149.314, 149.314, 149.314
2023-11-05 10:21, USDJPY, 149.314, 149.314, 149.314, 149.314
2023-11-05 10:22, USDJPY, 149.314, 149.314, 149.314, 149.314
2023-11-05 10:23, USDJPY, 149.314, 149.314, 149.314, 149.314
2023-11-05 10:24, USDJPY, 149.314, 149.314, 149.314, 149.314
2023-11-05 10:25, USDJPY, 149.314, 149.314, 149.314, 149.314
2023-11-05 10:26, USDJPY, 149.314, 149.314, 149.314, 149.314
2023-11-05 10:27, USDJPY, 149.314, 149.314, 149.314, 149.314
2023-11-05 10:28, USDJPY, 149.314, 149.314, 149.314, 149.314
2023-11-05 10:29, USDJPY, 149.314, 149.314, 149.314, 149.314
2023-11-05 10:30, USDJPY, 149.314, 149.314, 149.314, 149.314
2023-11-05 10:31, USDJPY, 149.314, 149.314, 149.314, 149.314
2023-11-05 10:32, USDJPY, 149.314, 149.314, 149.314, 149.314
2023-11-05 10:33, USDJPY, 149.314, 149.314, 149.314, 149.314
2023-11-05 10:34, USDJPY, 149.314, 149.314, 149.314, 149.314
2023-11-05 10:35, USDJPY, 149.314, 149.314, 149.314, 149.314
2023-11-05 10:36, USDJPY, 149.314, 149.314, 149.314, 149.314
2023-11-05 10:37, USDJPY, 149.314, 149.314, 149.314, 149.314
2023-11-05 10:38, USDJPY, 149.314, 149.314, 149.314, 149.314
2023-11-05 10:39, USDJPY, 149.314, 149.314, 149.314, 149.314
2023-11-05 10:40, USDJPY, 149.314, 149.314, 149.314, 149.314
2023-11-05 10:41, USDJPY, 149.314, 149.314, 149.314, 149.314
2023-11-05 10:42, USDJPY, 149.314, 149.314, 149.314, 149.314
2023-11-05 10:43, USDJPY, 149.314, 149.314, 149.314, 149.314
2023-11-05 10:44, USDJPY, 149.314, 149.314, 149.314, 149.314
2023-11-05 10:45, USDJPY, 149.314, 149.314, 149.314, 149.314
2023-11-05 10:46, USDJPY, 149.314, 149.314, 149.314, 149.314
2023-11-05 10:47, USDJPY, 149.314, 149.314, 149.314, 149.314
2023-11-05 10:48, USDJPY, 149.314, 149.314, 149.314, 149.314
2023-11-05 10:49, USDJPY, 149.314, 149.314, 149.314, 149.314
2023-11-05 10:50, USDJPY, 149.314, 149.314, 149.314, 149.314
2023-11-05 10:51, USDJPY, 149.314, 149.314, 149.314, 149.314
2023-11-05 10:52, USDJPY, 149.314, 149.314, 149.314, 149.314
2023-11-05 10:53, USDJPY, 149.314, 149.314, 149.314, 149.314
2023-11-05 10:54, USDJPY, 149.314, 149.314, 149.314, 149.314
2023-11-05 10:55, USDJPY, 149.314, 149.314, 149.314, 149.314
2023-11-05 10:56, USDJPY, 149.314, 149.314, 149.314, 149.314
2023-11-05 10:57, USDJPY, 149.314, 149.314, 149.314, 149.314
2023-11-05 10:58, USDJPY, 149.314, 149.314, 149.314, 149.314
2023-11-05 10:59, USDJPY, 149.314, 149.314, 149.314, 149.314
2023-11-05 11:00, USDJPY, 149.314, 149.314, 149.314, 149.314
2023-11-05 11:01, USDJPY, 149.314, 149.314, 149.314, 149.314
2023-11-05 11:02, USDJPY, 149.314, 149.314, 149.314, 149.314
2023-11-05 11:03, USDJPY, 149.314, 149.314, 149.314, 149.314
2023-11-05 11:04, USDJPY, 149.314, 149.314, 149.314, 149.314
2023-11-05 11:05, USDJPY, 149.314, 149.314, 149.314, 149.314
2023-11-05 11:06, USDJPY, 149.314, 149.314, 149.314, 149.314
2023-11-05 11:07, USDJPY, 149.314, 149.314, 149.314, 149.314
2023-11-05 11:08, USDJPY, 149.314, 149.314, 149.314, 149.314
2023-11-05 11:09, USDJPY, 149.314, 149.314, 149.314, 149.314
2023-11-05 11:10, USDJPY, 149.314, 149.314, 149.314, 149.314
2023-11-05 11:11, USDJPY, 149.314, 149.314, 149.314, 149.314
2023-11-05 11:12, USDJPY, 149.314, 149.314, 149.314, 149.314
2023-11-05 11:13, USDJPY, 149.314, 149.314, 149.314, 149.314
2023-11-05 11:14, USDJPY, 149.314, 149.314, 149.314, 149.314
2023-11-05 11:15, USDJPY, 149.314, 149.314, 149.314, 149.314
2023-11-05 11:16, USDJPY, 149.314, 149.314, 149.314, 149.314
2023-11-05 11:17, USDJPY, 149.314, 149.314, 149.314, 149.314
2023-11-05 11:18, USDJPY, 149.314, 149.314, 149.314, 149.314
2023-11-05 11:19, USDJPY, 149.314, 149.314, 149.314, 149.314
2023-11-05 11:20, USDJPY, 149.314, 149.314, 149.314, 149.314
2023-11-05 11:21, USDJPY, 149.314, 149.314, 149.314, 149.314
2023-11-05 11:22, USDJPY, 149.314, 149.314, 149.314, 149.314
2023-11-05 11:23, USDJPY, 149.314, 149.314, 149.314, 149.314
2023-11-05 11:24, USDJPY, 149.314, 149.314, 149.314, 149.314
2023-11-05 11:25, USDJPY, 149.314, 149.314, 149.314, 149.314
2023-11-05 11:26, USDJPY, 149.314, 149.314, 149.314, 149.314
2023-11-05 11:27, USDJPY, 149.314, 149.314, 149.314, 149.314
2023-11-05 11:28, USDJPY, 149.314, 149.314, 149.314, 149.314
2023-11-05 11:29, USDJPY, 149.314, 149.314, 149.314, 149.314
2023-11-05 11:30, USDJPY, 149.314, 149.314, 149.314, 149.314
2023-11-05 11:31, USDJPY, 149.314, 149.314, 149.314, 149.314
2023-11-05 11:32, USDJPY, 149.314, 149.314, 149.314, 149.314
2023-11-05 11:33, USDJPY, 149.314, 149.314, 149.314, 149.314
2023-11-05 11:34, USDJPY, 149.314, 149.314, 149.314, 149.314
2023-11-05 11:35, USDJPY, 149.314, 149.314, 149.314, 149.314
2023-11-05 11:36, USDJPY, 149.314, 149.314, 149.314, 149.314
2023-11-05 11:37, USDJPY, 149.314, 149.314, 149.314, 149.314
2023-11-05 11:38, USDJPY, 149.314, 149.314, 149.314, 149.314
2023-11-05 11:39, USDJPY, 149.314, 149.314, 149.314, 149.314
2023-11-05 11:40, USDJPY, 149.314, 149.314, 149.314, 149.314
2023-11-05 11:41, USDJPY, 149.314, 149.314, 149.314, 149.314
2023-11-05 11:42, USDJPY, 149.314, 149.314, 149.314, 149.314
2023-11-05 11:43, USDJPY, 149.314, 149.314, 149.314, 149.314
2023-11-05 11:44, USDJPY, 149.314, 149.314, 149.314, 149.314
2023-11-05 11:45, USDJPY, 149.314, 149.314, 149.314, 149.314
2023-11-05 11:46, USDJPY, 149.314, 149.314, 149.314, 149.314
2023-11-05 11:47, USDJPY, 149.314, 149.314, 149.314, 149.314
2023-11-05 11:48, USDJPY, 149.314, 149.314, 149.314, 149.314
2023-11-05 11:49, USDJPY, 149.314, 149.314, 149.314, 149.314
2023-11-05 11:50, USDJPY, 149.314, 149.314, 149.314, 149.314
2023-11-05 11:51, USDJPY, 149.314, 149.314, 149.314, 149.314
2023-11-05 11:52, USDJPY, 149.314, 149.314, 149.314, 149.314
2023-11-05 11:53, USDJPY, 149.314, 149.314, 149.314, 149.314
2023-11-05 11:54, USDJPY, 149.314, 149.314, 149.314, 149.314
2023-11-05 11:55, USDJPY, 149.314, 149.314, 149.314, 149.314
2023-11-05 11:56, USDJPY, 149.314, 149.314, 149.314, 149.314
2023-11-05 11:57, USDJPY, 149.314, 149.314, 149.314, 149.314
2023-11-05 11:58, USDJPY, 149.314, 149.314, 149.314, 149.314
2023-11-05 11:59, USDJPY, 149.314, 149.314, 149.314, 149.314
2023-11-05 12:00, USDJPY, 149.314, 149.314, 149.314, 149.314
2023-11-05 12:01, USDJPY, 149.314, 149.314, 149.314, 149.314
2023-11-05 12:02, USDJPY, 149.314, 149.314, 149.314, 149.314
2023-11-05 12:03, USDJPY, 149.314, 149.314, 149.314, 149.314
2023-11-05 12:04, USDJPY, 149.314, 149.314, 149.314, 149.314
2023-11-05 12:05, USDJPY, 149.314, 149.314, 149.314, 149.314
2023-11-05 12:06, USDJPY, 149.314, 149.314, 149.314, 149.314
2023-11-05 12:07, USDJPY, 149.314, 149.314, 149.314, 149.314
2023-11-05 12:08, USDJPY, 149.314, 149.314, 149.314, 149.314
2023-11-05 12:09, USDJPY, 149.314, 149.314, 149.314, 149.314
2023-11-05 12:10, USDJPY, 149.314, 149.314, 149.314, 149.314
2023-11-05 12:11, USDJPY, 149.314, 149.314, 149.314, 149.314
2023-11-05 12:12, USDJPY, 149.314, 149.314, 149.314, 149.314
2023-11-05 12:13, USDJPY, 149.314, 149.314, 149.314, 149.314
2023-11-05 12:14, USDJPY, 149.314, 149.314, 149.314, 149.314
2023-11-05 12:15, USDJPY, 149.314, 149.314, 149.314, 149.314
2023-11-05 12:16, USDJPY, 149.314, 149.314, 149.314, 149.314
2023-11-05 12:17, USDJPY, 149.314, 149.314, 149.314, 149.314
2023-11-05 12:18, USDJPY, 149.314, 149.314, 149.314, 149.314
2023-11-05 12:19, USDJPY, 149.314, 149.314, 149.314, 149.314
2023-11-05 12:20, USDJPY, 149.314, 149.314, 149.314, 149.314
2023-11-05 12:21, USDJPY, 149.314, 149.314, 149.314, 149.314
2023-11-05 12:22, USDJPY, 149.314, 149.314, 149.314, 149.314
2023-11-05 12:23, USDJPY, 149.314, 149.314, 149.314, 149.314
2023-11-05 12:24, USDJPY, 149.314, 149.314, 149.314, 149.314
2023-11-05 12:25, USDJPY, 149.314, 149.314, 149.314, 149.314
2023-11-05 12:26, USDJPY, 149.314, 149.314, 149.314, 149.314
2023-11-05 12:27, USDJPY, 149.314, 149.314, 149.314, 149.314
2023-11-05 12:28, USDJPY, 149.314, 149.314, 149.314, 149.314
2023-11-05 12:29, USDJPY, 149.314, 149.314, 149.314, 149.314
2023-11-05 12:30, USDJPY, 149.314, 149.314, 149.314, 149.314
2023-11-05 12:31, USDJPY, 149.314, 149.314, 149.314, 149.314
2023-11-05 12:32, USDJPY, 149.314, 149.314, 149.314, 149.314
2023-11-05 12:33, USDJPY, 149.314, 149.314, 149.314, 149.314
2023-11-05 12:34, USDJPY, 149.314, 149.314, 149.314, 149.314
2023-11-05 12:35, USDJPY, 149.314, 149.314, 149.314, 149.314
2023-11-05 12:36, USDJPY, 149.314, 149.314, 149.314, 149.314
2023-11-05 12:37, USDJPY, 149.314, 149.314, 149.314, 149.314
2023-11-05 12:38, USDJPY, 149.314, 149.314, 149.314, 149.314
2023-11-05 12:39, USDJPY, 149.314, 149.314, 149.314, 149.314
2023-11-05 12:40, USDJPY, 149.314, 149.314, 149.314, 149.314
2023-11-05 12:41, USDJPY, 149.314, 149.314, 149.314, 149.314
2023-11-05 12:42, USDJPY, 149.314, 149.314, 149.314, 149.314
2023-11-05 12:43, USDJPY, 149.314, 149.314, 149.314, 149.314
2023-11-05 12:44, USDJPY, 149.314, 149.314, 149.314, 149.314
2023-11-05 12:45, USDJPY, 149.314, 149.314, 149.314, 149.314
2023-11-05 12:46, USDJPY, 149.314, 149.314, 149.314, 149.314
2023-11-05 12:47, USDJPY, 149.314, 149.314, 149.314, 149.314
2023-11-05 12:48, USDJPY, 149.314, 149.314, 149.314, 149.314
2023-11-05 12:49, USDJPY, 149.314, 149.314, 149.314, 149.314
2023-11-05 12:50, USDJPY, 149.314, 149.314, 149.314, 149.314
2023-11-05 12:51, USDJPY, 149.314, 149.314, 149.314, 149.314
2023-11-05 12:52, USDJPY, 149.314, 149.314, 149.314, 149.314
2023-11-05 12:53, USDJPY, 149.314, 149.314, 149.314, 149.314
2023-11-05 12:54, USDJPY, 149.314, 149.314, 149.314, 149.314
2023-11-05 12:55, USDJPY, 149.314, 149.314, 149.314, 149.314
2023-11-05 12:56, USDJPY, 149.314, 149.314, 149.314, 149.314
2023-11-05 12:57, USDJPY, 149.314, 149.314, 149.314, 149.314
2023-11-05 12:58, USDJPY, 149.314, 149.314, 149.314, 149.314
2023-11-05 12:59, USDJPY, 149.314, 149.314, 149.314, 149.314
2023-11-05 13:00, USDJPY, 149.314, 149.314, 149.314, 149.314
2023-11-05 13:01, USDJPY, 149.314, 149.314, 149.314, 149.314
2023-11-05 13:02, USDJPY, 149.314, 149.314, 149.314, 149.314
2023-11-05 13:03, USDJPY, 149.314, 149.314, 149.314, 149.314
2023-11-05 13:04, USDJPY, 149.314, 149.314, 149.314, 149.314
2023-11-05 13:05, USDJPY, 149.314, 149.314, 149.314, 149.314
2023-11-05 13:06, USDJPY, 149.314, 149.314, 149.314, 149.314
2023-11-05 13:07, USDJPY, 149.314, 149.314, 149.314, 149.314
2023-11-05 13:08, USDJPY, 149.314, 149.314, 149.314, 149.314
2023-11-05 13:09, USDJPY, 149.314, 149.314, 149.314, 149.314
2023-11-05 13:10, USDJPY, 149.314, 149.314, 149.314, 149.314
2023-11-05 13:11, USDJPY, 149.314, 149.314, 149.314, 149.314
2023-11-05 13:12, USDJPY, 149.314, 149.314, 149.314, 149.314
2023-11-05 13:13, USDJPY, 149.314, 149.314, 149.314, 149.314
2023-11-05 13:14, USDJPY, 149.314, 149.314, 149.314, 149.314
2023-11-05 13:15, USDJPY, 149.314, 149.314, 149.314, 149.314
2023-11-05 13:16, USDJPY, 149.314, 149.314, 149.314, 149.314
2023-11-05 13:17, USDJPY, 149.314, 149.314, 149.314, 149.314
2023-11-05 13:18, USDJPY, 149.314, 149.314, 149.314, 149.314
2023-11-05 13:19, USDJPY, 149.314, 149.314, 149.314, 149.314
2023-11-05 13:20, USDJPY, 149.314, 149.314, 149.314, 149.314
2023-11-05 13:21, USDJPY, 149.314, 149.314, 149.314, 149.314
2023-11-05 13:22, USDJPY, 149.314, 149.314, 149.314, 149.314
2023-11-05 13:23, USDJPY, 149.314, 149.314, 149.314, 149.314
2023-11-05 13:24, USDJPY, 149.314, 149.314, 149.314, 149.314
2023-11-05 13:25, USDJPY, 149.314, 149.314, 149.314, 149.314
2023-11-05 13:26, USDJPY, 149.314, 149.314, 149.314, 149.314
2023-11-05 13:27, USDJPY, 149.314, 149.314, 149.314, 149.314
2023-11-05 13:28, USDJPY, 149.314, 149.314, 149.314, 149.314
2023-11-05 13:29, USDJPY, 149.314, 149.314, 149.314, 149.314
2023-11-05 13:30, USDJPY, 149.314, 149.314, 149.314, 149.314
2023-11-05 13:31, USDJPY, 149.314, 149.314, 149.314, 149.314
2023-11-05 13:32, USDJPY, 149.314, 149.314, 149.314, 149.314
2023-11-05 13:33, USDJPY, 149.314, 149.314, 149.314, 149.314
2023-11-05 13:34, USDJPY, 149.314, 149.314, 149.314, 149.314
2023-11-05 13:35, USDJPY, 149.314, 149.314, 149.314, 149.314
2023-11-05 13:36, USDJPY, 149.314, 149.314, 149.314, 149.314
2023-11-05 13:37, USDJPY, 149.314, 149.314, 149.314, 149.314
2023-11-05 13:38, USDJPY, 149.314, 149.314, 149.314, 149.314
2023-11-05 13:39, USDJPY, 149.314, 149.314, 149.314, 149.314
2023-11-05 13:40, USDJPY, 149.314, 149.314, 149.314, 149.314
2023-11-05 13:41, USDJPY, 149.314, 149.314, 149.314, 149.314
2023-11-05 13:42, USDJPY, 149.314, 149.314, 149.314, 149.314
2023-11-05 13:43, USDJPY, 149.314, 149.314, 149.314, 149.314
2023-11-05 13:44, USDJPY, 149.314, 149.314, 149.314, 149.314
2023-11-05 13:45, USDJPY, 149.314, 149.314, 149.314, 149.314
2023-11-05 13:46, USDJPY, 149.314, 149.314, 149.314, 149.314
2023-11-05 13:47, USDJPY, 149.314, 149.314, 149.314, 149.314
2023-11-05 13:48, USDJPY, 149.314, 149.314, 149.314, 149.314
2023-11-05 13:49, USDJPY, 149.314, 149.314, 149.314, 149.314
2023-11-05 13:50, USDJPY, 149.314, 149.314, 149.314, 149.314
2023-11-05 13:51, USDJPY, 149.314, 149.314, 149.314, 149.314
2023-11-05 13:52, USDJPY, 149.314, 149.314, 149.314, 149.314
2023-11-05 13:53, USDJPY, 149.314, 149.314, 149.314, 149.314
2023-11-05 13:54, USDJPY, 149.314, 149.314, 149.314, 149.314
2023-11-05 13:55, USDJPY, 149.314, 149.314, 149.314, 149.314
2023-11-05 13:56, USDJPY, 149.314, 149.314, 149.314, 149.314
2023-11-05 13:57, USDJPY, 149.314, 149.314, 149.314, 149.314
2023-11-05 13:58, USDJPY, 149.314, 149.314, 149.314, 149.314
2023-11-05 13:59, USDJPY, 149.314, 149.314, 149.314, 149.314
2023-11-05 14:00, USDJPY, 149.314, 149.314, 149.314, 149.314
2023-11-05 14:01, USDJPY, 149.314, 149.314, 149.314, 149.314
2023-11-05 14:02, USDJPY, 149.314, 149.314, 149.314, 149.314
2023-11-05 14:03, USDJPY, 149.314, 149.314, 149.314, 149.314
2023-11-05 14:04, USDJPY, 149.314, 149.314, 149.314, 149.314
2023-11-05 14:05, USDJPY, 149.314, 149.314, 149.314, 149.314
2023-11-05 14:06, USDJPY, 149.314, 149.314, 149.314, 149.314
2023-11-05 14:07, USDJPY, 149.314, 149.314, 149.314, 149.314
2023-11-05 14:08, USDJPY, 149.314, 149.314, 149.314, 149.314
2023-11-05 14:09, USDJPY, 149.314, 149.314, 149.314, 149.314
2023-11-05 14:10, USDJPY, 149.314, 149.314, 149.314, 149.314
2023-11-05 14:11, USDJPY, 149.314, 149.314, 149.314, 149.314
2023-11-05 14:12, USDJPY, 149.314, 149.314, 149.314, 149.314
2023-11-05 14:13, USDJPY, 149.314, 149.314, 149.314, 149.314
2023-11-05 14:14, USDJPY, 149.314, 149.314, 149.314, 149.314
2023-11-05 14:15, USDJPY, 149.314, 149.314, 149.314, 149.314
2023-11-05 14:16, USDJPY, 149.314, 149.314, 149.314, 149.314
2023-11-05 14:17, USDJPY, 149.314, 149.314, 149.314, 149.314
2023-11-05 14:18, USDJPY, 149.314, 149.314, 149.314, 149.314
2023-11-05 14:19, USDJPY, 149.314, 149.314, 149.314, 149.314
2023-11-05 14:20, USDJPY, 149.314, 149.314, 149.314, 149.314
2023-11-05 14:21, USDJPY, 149.314, 149.314, 149.314, 149.314
2023-11-05 14:22, USDJPY, 149.314, 149.314, 149.314, 149.314
2023-11-05 14:23, USDJPY, 149.314, 149.314, 149.314, 149.314
2023-11-05 14:24, USDJPY, 149.314, 149.314, 149.314, 149.314
2023-11-05 14:25, USDJPY, 149.314, 149.314, 149.314, 149.314
2023-11-05 14:26, USDJPY, 149.314, 149.314, 149.314, 149.314
2023-11-05 14:27, USDJPY, 149.314, 149.314, 149.314, 149.314
2023-11-05 14:28, USDJPY, 149.314, 149.314, 149.314, 149.314
2023-11-05 14:29, USDJPY, 149.314, 149.314, 149.314, 149.314
2023-11-05 14:30, USDJPY, 149.314, 149.314, 149.314, 149.314
2023-11-05 14:31, USDJPY, 149.314, 149.314, 149.314, 149.314
2023-11-05 14:32, USDJPY, 149.314, 149.314, 149.314, 149.314
2023-11-05 14:33, USDJPY, 149.314, 149.314, 149.314, 149.314
2023-11-05 14:34, USDJPY, 149.314, 149.314, 149.314, 149.314
2023-11-05 14:35, USDJPY, 149.314, 149.314, 149.314, 149.314
2023-11-05 14:36, USDJPY, 149.314, 149.314, 149.314, 149.314
2023-11-05 14:37, USDJPY, 149.314, 149.314, 149.314, 149.314
2023-11-05 14:38, USDJPY, 149.314, 149.314, 149.314, 149.314
2023-11-05 14:39, USDJPY, 149.314, 149.314, 149.314, 149.314
2023-11-05 14:40, USDJPY, 149.314, 149.314, 149.314, 149.314
2023-11-05 14:41, USDJPY, 149.314, 149.314, 149.314, 149.314
2023-11-05 14:42, USDJPY, 149.314, 149.314, 149.314, 149.314
2023-11-05 14:43, USDJPY, 149.314, 149.314, 149.314, 149.314
2023-11-05 14:44, USDJPY, 149.314, 149.314, 149.314, 149.314
2023-11-05 14:45, USDJPY, 149.314, 149.314, 149.314, 149.314
2023-11-05 14:46, USDJPY, 149.314, 149.314, 149.314, 149.314
2023-11-05 14:47, USDJPY, 149.314, 149.314, 149.314, 149.314
2023-11-05 14:48, USDJPY, 149.314, 149.314, 149.314, 149.314
2023-11-05 14:49, USDJPY, 149.314, 149.314, 149.314, 149.314
2023-11-05 14:50, USDJPY, 149.314, 149.314, 149.314, 149.314
2023-11-05 14:51, USDJPY, 149.314, 149.314, 149.314, 149.314
2023-11-05 14:52, USDJPY, 149.314, 149.314, 149.314, 149.314
2023-11-05 14:53, USDJPY, 149.314, 149.314, 149.314, 149.314
2023-11-05 14:54, USDJPY, 149.314, 149.314, 149.314, 149.314
2023-11-05 14:55, USDJPY, 149.314, 149.314, 149.314, 149.314
2023-11-05 14:56, USDJPY, 149.314, 149.314, 149.314, 149.314
2023-11-05 14:57, USDJPY, 149.314, 149.314, 149.314, 149.314
2023-11-05 14:58, USDJPY, 149.314, 149.314, 149.314, 149.314
2023-11-05 14:59, USDJPY, 149.314, 149.314, 149.314, 149.314
2023-11-05 15:00, USDJPY, 149.314, 149.314, 149.314, 149.314
2023-11-05 15:01, USDJPY, 149.314, 149.314, 149.314, 149.314
2023-11-05 15:02, USDJPY, 149.314, 149.314, 149.314, 149.314
2023-11-05 15:03, USDJPY, 149.314, 149.314, 149.314, 149.314
2023-11-05 15:04, USDJPY, 149.314, 149.314, 149.314, 149.314
2023-11-05 15:05, USDJPY, 149.314, 149.314, 149.314, 149.314
2023-11-05 15:06, USDJPY, 149.314, 149.314, 149.314, 149.314
2023-11-05 15:07, USDJPY, 149.314, 149.314, 149.314, 149.314
2023-11-05 15:08, USDJPY, 149.314, 149.314, 149.314, 149.314
2023-11-05 15:09, USDJPY, 149.314, 149.314, 149.314, 149.314
2023-11-05 15:10, USDJPY, 149.314, 149.314, 149.314, 149.314
2023-11-05 15:11, USDJPY, 149.314, 149.314, 149.314, 149.314
2023-11-05 15:12, USDJPY, 149.314, 149.314, 149.314, 149.314
2023-11-05 15:13, USDJPY, 149.314, 149.314, 149.314, 149.314
2023-11-05 15:14, USDJPY, 149.314, 149.314, 149.314, 149.314
2023-11-05 15:15, USDJPY, 149.314, 149.314, 149.314, 149.314
2023-11-05 15:16, USDJPY, 149.314, 149.314, 149.314, 149.314
2023-11-05 15:17, USDJPY, 149.314, 149.314, 149.314, 149.314
2023-11-05 15:18, USDJPY, 149.314, 149.314, 149.314, 149.314
2023-11-05 15:19, USDJPY, 149.314, 149.314, 149.314, 149.314
2023-11-05 15:20, USDJPY, 149.314, 149.314, 149.314, 149.314
2023-11-05 15:21, USDJPY, 149.314, 149.314, 149.314, 149.314
2023-11-05 15:22, USDJPY, 149.314, 149.314, 149.314, 149.314
2023-11-05 15:23, USDJPY, 149.314, 149.314, 149.314, 149.314
2023-11-05 15:24, USDJPY, 149.314, 149.314, 149.314, 149.314
2023-11-05 15:25, USDJPY, 149.314, 149.314, 149.314, 149.314
2023-11-05 15:26, USDJPY, 149.314, 149.314, 149.314, 149.314
2023-11-05 15:27, USDJPY, 149.314, 149.314, 149.314, 149.314
2023-11-05 15:28, USDJPY, 149.314, 149.314, 149.314, 149.314
2023-11-05 15:29, USDJPY, 149.314, 149.314, 149.314, 149.314
2023-11-05 15:30, USDJPY, 149.314, 149.314, 149.314, 149.314
2023-11-05 15:31, USDJPY, 149.314, 149.314, 149.314, 149.314
2023-11-05 15:32, USDJPY, 149.314, 149.314, 149.314, 149.314
2023-11-05 15:33, USDJPY, 149.314, 149.314, 149.314, 149.314
2023-11-05 15:34, USDJPY, 149.314, 149.314, 149.314, 149.314
2023-11-05 15:35, USDJPY, 149.314, 149.314, 149.314, 149.314
2023-11-05 15:36, USDJPY, 149.314, 149.314, 149.314, 149.314
2023-11-05 15:37, USDJPY, 149.314, 149.314, 149.314, 149.314
2023-11-05 15:38, USDJPY, 149.314, 149.314, 149.314, 149.314
2023-11-05 15:39, USDJPY, 149.314, 149.314, 149.314, 149.314
2023-11-05 15:40, USDJPY, 149.314, 149.314, 149.314, 149.314
2023-11-05 15:41, USDJPY, 149.314, 149.314, 149.314, 149.314
2023-11-05 15:42, USDJPY, 149.314, 149.314, 149.314, 149.314
2023-11-05 15:43, USDJPY, 149.314, 149.314, 149.314, 149.314
2023-11-05 15:44, USDJPY, 149.314, 149.314, 149.314, 149.314
2023-11-05 15:45, USDJPY, 149.314, 149.314, 149.314, 149.314
2023-11-05 15:46, USDJPY, 149.314, 149.314, 149.314, 149.314
2023-11-05 15:47, USDJPY, 149.314, 149.314, 149.314, 149.314
2023-11-05 15:48, USDJPY, 149.314, 149.314, 149.314, 149.314
2023-11-05 15:49, USDJPY, 149.314, 149.314, 149.314, 149.314
2023-11-05 15:50, USDJPY, 149.314, 149.314, 149.314, 149.314
2023-11-05 15:51, USDJPY, 149.314, 149.314, 149.314, 149.314
2023-11-05 15:52, USDJPY, 149.314, 149.314, 149.314, 149.314
2023-11-05 15:53, USDJPY, 149.314, 149.314, 149.314, 149.314
2023-11-05 15:54, USDJPY, 149.314, 149.314, 149.314, 149.314
2023-11-05 15:55, USDJPY, 149.314, 149.314, 149.314, 149.314
2023-11-05 15:56, USDJPY, 149.314, 149.314, 149.314, 149.314
2023-11-05 15:57, USDJPY, 149.314, 149.314, 149.314, 149.314
2023-11-05 15:58, USDJPY, 149.314, 149.314, 149.314, 149.314
2023-11-05 15:59, USDJPY, 149.314, 149.314, 149.314, 149.314
2023-11-05 16:00, USDJPY, 149.314, 149.314, 149.314, 149.314
2023-11-05 16:01, USDJPY, 149.314, 149.314, 149.314, 149.314
2023-11-05 16:02, USDJPY, 149.314, 149.314, 149.314, 149.314
2023-11-05 16:03, USDJPY, 149.314, 149.314, 149.314, 149.314
2023-11-05 16:04, USDJPY, 149.314, 149.314, 149.314, 149.314
2023-11-05 16:05, USDJPY, 149.314, 149.314, 149.314, 149.314
2023-11-05 16:06, USDJPY, 149.314, 149.314, 149.314, 149.314
2023-11-05 16:07, USDJPY, 149.314, 149.314, 149.314, 149.314
2023-11-05 16:08, USDJPY, 149.314, 149.314, 149.314, 149.314
2023-11-05 16:09, USDJPY, 149.314, 149.314, 149.314, 149.314
2023-11-05 16:10, USDJPY, 149.314, 149.314, 149.314, 149.314
2023-11-05 16:11, USDJPY, 149.314, 149.314, 149.314, 149.314
2023-11-05 16:12, USDJPY, 149.314, 149.314, 149.314, 149.314
2023-11-05 16:13, USDJPY, 149.314, 149.314, 149.314, 149.314
2023-11-05 16:14, USDJPY, 149.314, 149.314, 149.314, 149.314
2023-11-05 16:15, USDJPY, 149.314, 149.314, 149.314, 149.314
2023-11-05 16:16, USDJPY, 149.314, 149.314, 149.314, 149.314
2023-11-05 16:17, USDJPY, 149.314, 149.314, 149.314, 149.314
2023-11-05 16:18, USDJPY, 149.314, 149.314, 149.314, 149.314
2023-11-05 16:19, USDJPY, 149.314, 149.314, 149.314, 149.314
2023-11-05 16:20, USDJPY, 149.314, 149.314, 149.314, 149.314
2023-11-05 16:21, USDJPY, 149.314, 149.314, 149.314, 149.314
2023-11-05 16:22, USDJPY, 149.314, 149.314, 149.314, 149.314
2023-11-05 16:23, USDJPY, 149.314, 149.314, 149.314, 149.314
2023-11-05 16:24, USDJPY, 149.314, 149.314, 149.314, 149.314
2023-11-05 16:25, USDJPY, 149.314, 149.314, 149.314, 149.314
2023-11-05 16:26, USDJPY, 149.314, 149.314, 149.314, 149.314
2023-11-05 16:27, USDJPY, 149.314, 149.314, 149.314, 149.314
2023-11-05 16:28, USDJPY, 149.314, 149.314, 149.314, 149.314
2023-11-05 16:29, USDJPY, 149.314, 149.314, 149.314, 149.314
2023-11-05 16:30, USDJPY, 149.314, 149.314, 149.314, 149.314
2023-11-05 16:31, USDJPY, 149.314, 149.314, 149.314, 149.314
2023-11-05 16:32, USDJPY, 149.314, 149.314, 149.314, 149.314
2023-11-05 16:33, USDJPY, 149.314, 149.314, 149.314, 149.314
2023-11-05 16:34, USDJPY, 149.314, 149.314, 149.314, 149.314
2023-11-05 16:35, USDJPY, 149.314, 149.314, 149.314, 149.314
2023-11-05 16:36, USDJPY, 149.314, 149.314, 149.314, 149.314
2023-11-05 16:37, USDJPY, 149.314, 149.314, 149.314, 149.314
2023-11-05 16:38, USDJPY, 149.314, 149.314, 149.314, 149.314
2023-11-05 16:39, USDJPY, 149.314, 149.314, 149.314, 149.314
2023-11-05 16:40, USDJPY, 149.314, 149.314, 149.314, 149.314
2023-11-05 16:41, USDJPY, 149.314, 149.314, 149.314, 149.314
2023-11-05 16:42, USDJPY, 149.314, 149.314, 149.314, 149.314
2023-11-05 16:43, USDJPY, 149.314, 149.314, 149.314, 149.314
2023-11-05 16:44, USDJPY, 149.314, 149.314, 149.314, 149.314
2023-11-05 16:45, USDJPY, 149.314, 149.314, 149.314, 149.314
2023-11-05 16:46, USDJPY, 149.314, 149.314, 149.314, 149.314
2023-11-05 16:47, USDJPY, 149.314, 149.314, 149.314, 149.314
2023-11-05 16:48, USDJPY, 149.314, 149.314, 149.314, 149.314
2023-11-05 16:49, USDJPY, 149.314, 149.314, 149.314, 149.314
2023-11-05 16:50, USDJPY, 149.314, 149.314, 149.314, 149.314
2023-11-05 16:51, USDJPY, 149.314, 149.314, 149.314, 149.314
2023-11-05 16:52, USDJPY, 149.314, 149.314, 149.314, 149.314
2023-11-05 16:53, USDJPY, 149.314, 149.314, 149.314, 149.314
2023-11-05 16:54, USDJPY, 149.314, 149.314, 149.314, 149.314
2023-11-05 16:55, USDJPY, 149.314, 149.314, 149.314, 149.314
2023-11-05 16:56, USDJPY, 149.314, 149.314, 149.314, 149.314
2023-11-05 16:57, USDJPY, 149.314, 149.314, 149.314, 149.314
2023-11-05 16:58, USDJPY, 149.314, 149.314, 149.314, 149.314
2023-11-05 16:59, USDJPY, 149.314, 149.314, 149.314, 149.314
2023-11-05 17:00, USDJPY, 149.314, 149.314, 149.314, 149.314
2023-11-05 17:01, USDJPY, 149.314, 149.314, 149.314, 149.314
2023-11-05 17:02, USDJPY, 149.314, 149.314, 149.314, 149.314
2023-11-05 17:03, USDJPY, 149.314, 149.314, 149.314, 149.314
2023-11-05 17:04, USDJPY, 149.314, 149.314, 149.314, 149.314
2023-11-05 17:05, USDJPY, 149.314, 149.314, 149.314, 149.314
2023-11-05 17:06, USDJPY, 149.314, 149.314, 149.314, 149.314
2023-11-05 17:07, USDJPY, 149.314, 149.314, 149.314, 149.314
2023-11-05 17:08, USDJPY, 149.314, 149.314, 149.314, 149.314
2023-11-05 17:09, USDJPY, 149.314, 149.314, 149.314, 149.314
2023-11-05 17:10, USDJPY, 149.314, 149.314, 149.314, 149.314
2023-11-05 17:11, USDJPY, 149.314, 149.314, 149.314, 149.314
2023-11-05 17:12, USDJPY, 149.314, 149.314, 149.314, 149.314
2023-11-05 17:13, USDJPY, 149.314, 149.314, 149.314, 149.314
2023-11-05 17:14, USDJPY, 149.314, 149.314, 149.314, 149.314
2023-11-05 17:15, USDJPY, 149.314, 149.314, 149.314, 149.314
2023-11-05 17:16, USDJPY, 149.314, 149.314, 149.314, 149.314
2023-11-05 17:17, USDJPY, 149.314, 149.314, 149.314, 149.314
2023-11-05 17:18, USDJPY, 149.314, 149.314, 149.314, 149.314
2023-11-05 17:19, USDJPY, 149.314, 149.314, 149.314, 149.314
2023-11-05 17:20, USDJPY, 149.314, 149.314, 149.314, 149.314
2023-11-05 17:21, USDJPY, 149.314, 149.314, 149.314, 149.314
2023-11-05 17:22, USDJPY, 149.314, 149.314, 149.314, 149.314
2023-11-05 17:23, USDJPY, 149.314, 149.314, 149.314, 149.314
2023-11-05 17:24, USDJPY, 149.314, 149.314, 149.314, 149.314
2023-11-05 17:25, USDJPY, 149.314, 149.314, 149.314, 149.314
2023-11-05 17:26, USDJPY, 149.314, 149.314, 149.314, 149.314
2023-11-05 17:27, USDJPY, 149.314, 149.314, 149.314, 149.314
2023-11-05 17:28, USDJPY, 149.314, 149.314, 149.314, 149.314
2023-11-05 17:29, USDJPY, 149.314, 149.314, 149.314, 149.314
2023-11-05 17:30, USDJPY, 149.314, 149.314, 149.314, 149.314
2023-11-05 17:31, USDJPY, 149.314, 149.314, 149.314, 149.314
2023-11-05 17:32, USDJPY, 149.314, 149.314, 149.314, 149.314
2023-11-05 17:33, USDJPY, 149.314, 149.314, 149.314, 149.314
2023-11-05 17:34, USDJPY, 149.314, 149.314, 149.314, 149.314
2023-11-05 17:35, USDJPY, 149.314, 149.314, 149.314, 149.314
2023-11-05 17:36, USDJPY, 149.314, 149.314, 149.314, 149.314
2023-11-05 17:37, USDJPY, 149.314, 149.314, 149.314, 149.314
2023-11-05 17:38, USDJPY, 149.314, 149.314, 149.314, 149.314
2023-11-05 17:39, USDJPY, 149.314, 149.314, 149.314, 149.314
2023-11-05 17:40, USDJPY, 149.314, 149.314, 149.314, 149.314
2023-11-05 17:41, USDJPY, 149.314, 149.314, 149.314, 149.314
2023-11-05 17:42, USDJPY, 149.314, 149.314, 149.314, 149.314
2023-11-05 17:43, USDJPY, 149.314, 149.314, 149.314, 149.314
2023-11-05 17:44, USDJPY, 149.314, 149.314, 149.314, 149.314
2023-11-05 17:45, USDJPY, 149.314, 149.314, 149.314, 149.314
2023-11-05 17:46, USDJPY, 149.314, 149.314, 149.314, 149.314
2023-11-05 17:47, USDJPY, 149.314, 149.314, 149.314, 149.314
2023-11-05 17:48, USDJPY, 149.314, 149.314, 149.314, 149.314
2023-11-05 17:49, USDJPY, 149.314, 149.314, 149.314, 149.314
2023-11-05 17:50, USDJPY, 149.314, 149.314, 149.314, 149.314
2023-11-05 17:51, USDJPY, 149.314, 149.314, 149.314, 149.314
2023-11-05 17:52, USDJPY, 149.314, 149.314, 149.314, 149.314
2023-11-05 17:53, USDJPY, 149.314, 149.314, 149.314, 149.314
2023-11-05 17:54, USDJPY, 149.314, 149.314, 149.314, 149.314
2023-11-05 17:55, USDJPY, 149.314, 149.314, 149.314, 149.314
2023-11-05 17:56, USDJPY, 149.314, 149.314, 149.314, 149.314
2023-11-05 17:57, USDJPY, 149.314, 149.314, 149.314, 149.314
2023-11-05 17:58, USDJPY, 149.314, 149.314, 149.314, 149.314
2023-11-05 17:59, USDJPY, 149.314, 149.314, 149.314, 149.314
2023-11-05 18:00, USDJPY, 149.314, 149.314, 149.314, 149.314
2023-11-05 18:01, USDJPY, 149.314, 149.314, 149.314, 149.314
2023-11-05 18:02, USDJPY, 149.314, 149.314, 149.314, 149.314
2023-11-05 18:03, USDJPY, 149.314, 149.314, 149.314, 149.314
2023-11-05 18:04, USDJPY, 149.314, 149.314, 149.314, 149.314
2023-11-05 18:05, USDJPY, 149.314, 149.314, 149.314, 149.314
2023-11-05 18:06, USDJPY, 149.314, 149.314, 149.314, 149.314
2023-11-05 18:07, USDJPY, 149.314, 149.314, 149.314, 149.314
2023-11-05 18:08, USDJPY, 149.314, 149.314, 149.314, 149.314
2023-11-05 18:09, USDJPY, 149.314, 149.314, 149.314, 149.314
2023-11-05 18:10, USDJPY, 149.314, 149.314, 149.314, 149.314
2023-11-05 18:11, USDJPY, 149.314, 149.314, 149.314, 149.314
2023-11-05 18:12, USDJPY, 149.314, 149.314, 149.314, 149.314
2023-11-05 18:13, USDJPY, 149.314, 149.314, 149.314, 149.314
2023-11-05 18:14, USDJPY, 149.314, 149.314, 149.314, 149.314
2023-11-05 18:15, USDJPY, 149.314, 149.314, 149.314, 149.314
2023-11-05 18:16, USDJPY, 149.314, 149.314, 149.314, 149.314
2023-11-05 18:17, USDJPY, 149.314, 149.314, 149.314, 149.314
2023-11-05 18:18, USDJPY, 149.314, 149.314, 149.314, 149.314
2023-11-05 18:19, USDJPY, 149.314, 149.314, 149.314, 149.314
2023-11-05 18:20, USDJPY, 149.314, 149.314, 149.314, 149.314
2023-11-05 18:21, USDJPY, 149.314, 149.314, 149.314, 149.314
2023-11-05 18:22, USDJPY, 149.314, 149.314, 149.314, 149.314
2023-11-05 18:23, USDJPY, 149.314, 149.314, 149.314, 149.314
2023-11-05 18:24, USDJPY, 149.314, 149.314, 149.314, 149.314
2023-11-05 18:25, USDJPY, 149.314, 149.314, 149.314, 149.314
2023-11-05 18:26, USDJPY, 149.314, 149.314, 149.314, 149.314
2023-11-05 18:27, USDJPY, 149.314, 149.314, 149.314, 149.314
2023-11-05 18:28, USDJPY, 149.314, 149.314, 149.314, 149.314
2023-11-05 18:29, USDJPY, 149.314, 149.314, 149.314, 149.314
2023-11-05 18:30, USDJPY, 149.314, 149.314, 149.314, 149.314
2023-11-05 18:31, USDJPY, 149.314, 149.314, 149.314, 149.314
2023-11-05 18:32, USDJPY, 149.314, 149.314, 149.314, 149.314
2023-11-05 18:33, USDJPY, 149.314, 149.314, 149.314, 149.314
2023-11-05 18:34, USDJPY, 149.314, 149.314, 149.314, 149.314
2023-11-05 18:35, USDJPY, 149.314, 149.314, 149.314, 149.314
2023-11-05 18:36, USDJPY, 149.314, 149.314, 149.314, 149.314
2023-11-05 18:37, USDJPY, 149.314, 149.314, 149.314, 149.314
2023-11-05 18:38, USDJPY, 149.314, 149.314, 149.314, 149.314
2023-11-05 18:39, USDJPY, 149.314, 149.314, 149.314, 149.314
2023-11-05 18:40, USDJPY, 149.314, 149.314, 149.314, 149.314
2023-11-05 18:41, USDJPY, 149.314, 149.314, 149.314, 149.314
2023-11-05 18:42, USDJPY, 149.314, 149.314, 149.314, 149.314
2023-11-05 18:43, USDJPY, 149.314, 149.314, 149.314, 149.314
2023-11-05 18:44, USDJPY, 149.314, 149.314, 149.314, 149.314
2023-11-05 18:45, USDJPY, 149.314, 149.314, 149.314, 149.314
2023-11-05 18:46, USDJPY, 149.314, 149.314, 149.314, 149.314
2023-11-05 18:47, USDJPY, 149.314, 149.314, 149.314, 149.314
2023-11-05 18:48, USDJPY, 149.314, 149.314, 149.314, 149.314
2023-11-05 18:49, USDJPY, 149.314, 149.314, 149.314, 149.314
2023-11-05 18:50, USDJPY, 149.314, 149.314, 149.314, 149.314
2023-11-05 18:51, USDJPY, 149.314, 149.314, 149.314, 149.314
2023-11-05 18:52, USDJPY, 149.314, 149.314, 149.314, 149.314
2023-11-05 18:53, USDJPY, 149.314, 149.314, 149.314, 149.314
2023-11-05 18:54, USDJPY, 149.314, 149.314, 149.314, 149.314
2023-11-05 18:55, USDJPY, 149.314, 149.314, 149.314, 149.314
2023-11-05 18:56, USDJPY, 149.314, 149.314, 149.314, 149.314
2023-11-05 18:57, USDJPY, 149.314, 149.314, 149.314, 149.314
2023-11-05 18:58, USDJPY, 149.314, 149.314, 149.314, 149.314
2023-11-05 18:59, USDJPY, 149.314, 149.314, 149.314, 149.314
2023-11-05 19:00, USDJPY, 149.314, 149.314, 149.314, 149.314
2023-11-05 19:01, USDJPY, 149.314, 149.314, 149.314, 149.314
2023-11-05 19:02, USDJPY, 149.314, 149.314, 149.314, 149.314
2023-11-05 19:03, USDJPY, 149.314, 149.314, 149.314, 149.314
2023-11-05 19:04, USDJPY, 149.314, 149.314, 149.314, 149.314
2023-11-05 19:05, USDJPY, 149.314, 149.314, 149.314, 149.314
2023-11-05 19:06, USDJPY, 149.314, 149.314, 149.314, 149.314
2023-11-05 19:07, USDJPY, 149.314, 149.314, 149.314, 149.314
2023-11-05 19:08, USDJPY, 149.314, 149.314, 149.314, 149.314
2023-11-05 19:09, USDJPY, 149.314, 149.314, 149.314, 149.314
2023-11-05 19:10, USDJPY, 149.314, 149.314, 149.314, 149.314
2023-11-05 19:11, USDJPY, 149.314, 149.314, 149.314, 149.314
2023-11-05 19:12, USDJPY, 149.314, 149.314, 149.314, 149.314
2023-11-05 19:13, USDJPY, 149.314, 149.314, 149.314, 149.314
2023-11-05 19:14, USDJPY, 149.314, 149.314, 149.314, 149.314
2023-11-05 19:15, USDJPY, 149.314, 149.314, 149.314, 149.314
2023-11-05 19:16, USDJPY, 149.314, 149.314, 149.314, 149.314
2023-11-05 19:17, USDJPY, 149.314, 149.314, 149.314, 149.314
2023-11-05 19:18, USDJPY, 149.314, 149.314, 149.314, 149.314
2023-11-05 19:19, USDJPY, 149.314, 149.314, 149.314, 149.314
2023-11-05 19:20, USDJPY, 149.314, 149.314, 149.314, 149.314
2023-11-05 19:21, USDJPY, 149.314, 149.314, 149.314, 149.314
2023-11-05 19:22, USDJPY, 149.314, 149.314, 149.314, 149.314
2023-11-05 19:23, USDJPY, 149.314, 149.314, 149.314, 149.314
2023-11-05 19:24, USDJPY, 149.314, 149.314, 149.314, 149.314
2023-11-05 19:25, USDJPY, 149.314, 149.314, 149.314, 149.314
2023-11-05 19:26, USDJPY, 149.314, 149.314, 149.314, 149.314
2023-11-05 19:27, USDJPY, 149.314, 149.314, 149.314, 149.314
2023-11-05 19:28, USDJPY, 149.314, 149.314, 149.314, 149.314
2023-11-05 19:29, USDJPY, 149.314, 149.314, 149.314, 149.314
2023-11-05 19:30, USDJPY, 149.314, 149.314, 149.314, 149.314
2023-11-05 19:31, USDJPY, 149.314, 149.314, 149.314, 149.314
2023-11-05 19:32, USDJPY, 149.314, 149.314, 149.314, 149.314
2023-11-05 19:33, USDJPY, 149.314, 149.314, 149.314, 149.314
2023-11-05 19:34, USDJPY, 149.314, 149.314, 149.314, 149.314
2023-11-05 19:35, USDJPY, 149.314, 149.314, 149.314, 149.314
2023-11-05 19:36, USDJPY, 149.314, 149.314, 149.314, 149.314
2023-11-05 19:37, USDJPY, 149.314, 149.314, 149.314, 149.314
2023-11-05 19:38, USDJPY, 149.314, 149.314, 149.314, 149.314
2023-11-05 19:39, USDJPY, 149.314, 149.314, 149.314, 149.314
2023-11-05 19:40, USDJPY, 149.314, 149.314, 149.314, 149.314
2023-11-05 19:41, USDJPY, 149.314, 149.314, 149.314, 149.314
2023-11-05 19:42, USDJPY, 149.314, 149.314, 149.314, 149.314
2023-11-05 19:43, USDJPY, 149.314, 149.314, 149.314, 149.314
2023-11-05 19:44, USDJPY, 149.314, 149.314, 149.314, 149.314
2023-11-05 19:45, USDJPY, 149.314, 149.314, 149.314, 149.314
2023-11-05 19:46, USDJPY, 149.314, 149.314, 149.314, 149.314
2023-11-05 19:47, USDJPY, 149.314, 149.314, 149.314, 149.314
2023-11-05 19:48, USDJPY, 149.314, 149.314, 149.314, 149.314
2023-11-05 19:49, USDJPY, 149.314, 149.314, 149.314, 149.314
2023-11-05 19:50, USDJPY, 149.314, 149.314, 149.314, 149.314
2023-11-05 19:51, USDJPY, 149.314, 149.314, 149.314, 149.314
2023-11-05 19:52, USDJPY, 149.314, 149.314, 149.314, 149.314
2023-11-05 19:53, USDJPY, 149.314, 149.314, 149.314, 149.314
2023-11-05 19:54, USDJPY, 149.314, 149.314, 149.314, 149.314
2023-11-05 19:55, USDJPY, 149.314, 149.314, 149.314, 149.314
2023-11-05 19:56, USDJPY, 149.314, 149.314, 149.314, 149.314
2023-11-05 19:57, USDJPY, 149.314, 149.314, 149.314, 149.314
2023-11-05 19:58, USDJPY, 149.314, 149.314, 149.314, 149.314
2023-11-05 19:59, USDJPY, 149.314, 149.314, 149.314, 149.314
2023-11-05 20:00, USDJPY, 149.314, 149.314, 149.314, 149.314
2023-11-05 20:01, USDJPY, 149.314, 149.314, 149.314, 149.314
2023-11-05 20:02, USDJPY, 149.314, 149.314, 149.314, 149.314
2023-11-05 20:03, USDJPY, 149.314, 149.314, 149.314, 149.314
2023-11-05 20:04, USDJPY, 149.314, 149.314, 149.314, 149.314
2023-11-05 20:05, USDJPY, 149.314, 149.314, 149.314, 149.314
2023-11-05 20:06, USDJPY, 149.314, 149.314, 149.314, 149.314
2023-11-05 20:07, USDJPY, 149.314, 149.314, 149.314, 149.314
2023-11-05 20:08, USDJPY, 149.314, 149.314, 149.314, 149.314
2023-11-05 20:09, USDJPY, 149.314, 149.314, 149.314, 149.314
2023-11-05 20:10, USDJPY, 149.314, 149.314, 149.314, 149.314
2023-11-05 20:11, USDJPY, 149.314, 149.314, 149.314, 149.314
2023-11-05 20:12, USDJPY, 149.314, 149.314, 149.314, 149.314
2023-11-05 20:13, USDJPY, 149.314, 149.314, 149.314, 149.314
2023-11-05 20:14, USDJPY, 149.314, 149.314, 149.314, 149.314
2023-11-05 20:15, USDJPY, 149.314, 149.314, 149.314, 149.314
2023-11-05 20:16, USDJPY, 149.314, 149.314, 149.314, 149.314
2023-11-05 20:17, USDJPY, 149.314, 149.314, 149.314, 149.314
2023-11-05 20:18, USDJPY, 149.314, 149.314, 149.314, 149.314
2023-11-05 20:19, USDJPY, 149.314, 149.314, 149.314, 149.314
2023-11-05 20:20, USDJPY, 149.314, 149.314, 149.314, 149.314
2023-11-05 20:21, USDJPY, 149.314, 149.314, 149.314, 149.314
2023-11-05 20:22, USDJPY, 149.314, 149.314, 149.314, 149.314
2023-11-05 20:23, USDJPY, 149.314, 149.314, 149.314, 149.314
2023-11-05 20:24, USDJPY, 149.314, 149.314, 149.314, 149.314
2023-11-05 20:25, USDJPY, 149.314, 149.314, 149.314, 149.314
2023-11-05 20:26, USDJPY, 149.314, 149.314, 149.314, 149.314
2023-11-05 20:27, USDJPY, 149.314, 149.314, 149.314, 149.314
2023-11-05 20:28, USDJPY, 149.314, 149.314, 149.314, 149.314
2023-11-05 20:29, USDJPY, 149.314, 149.314, 149.314, 149.314
2023-11-05 20:30, USDJPY, 149.314, 149.314, 149.314, 149.314
2023-11-05 20:31, USDJPY, 149.314, 149.314, 149.314, 149.314
2023-11-05 20:32, USDJPY, 149.314, 149.314, 149.314, 149.314
2023-11-05 20:33, USDJPY, 149.314, 149.314, 149.314, 149.314
2023-11-05 20:34, USDJPY, 149.314, 149.314, 149.314, 149.314
2023-11-05 20:35, USDJPY, 149.314, 149.314, 149.314, 149.314
2023-11-05 20:36, USDJPY, 149.314, 149.314, 149.314, 149.314
2023-11-05 20:37, USDJPY, 149.314, 149.314, 149.314, 149.314
2023-11-05 20:38, USDJPY, 149.314, 149.314, 149.314, 149.314
2023-11-05 20:39, USDJPY, 149.314, 149.314, 149.314, 149.314
2023-11-05 20:40, USDJPY, 149.314, 149.314, 149.314, 149.314
2023-11-05 20:41, USDJPY, 149.314, 149.314, 149.314, 149.314
2023-11-05 20:42, USDJPY, 149.314, 149.314, 149.314, 149.314
2023-11-05 20:43, USDJPY, 149.314, 149.314, 149.314, 149.314
2023-11-05 20:44, USDJPY, 149.314, 149.314, 149.314, 149.314
2023-11-05 20:45, USDJPY, 149.314, 149.314, 149.314, 149.314
2023-11-05 20:46, USDJPY, 149.314, 149.314, 149.314, 149.314
2023-11-05 20:47, USDJPY, 149.314, 149.314, 149.314, 149.314
2023-11-05 20:48, USDJPY, 149.314, 149.314, 149.314, 149.314
2023-11-05 20:49, USDJPY, 149.314, 149.314, 149.314, 149.314
2023-11-05 20:50, USDJPY, 149.314, 149.314, 149.314, 149.314
2023-11-05 20:51, USDJPY, 149.314, 149.314, 149.314, 149.314
2023-11-05 20:52, USDJPY, 149.314, 149.314, 149.314, 149.314
2023-11-05 20:53, USDJPY, 149.314, 149.314, 149.314, 149.314
2023-11-05 20:54, USDJPY, 149.314, 149.314, 149.314, 149.314
2023-11-05 20:55, USDJPY, 149.314, 149.314, 149.314, 149.314
2023-11-05 20:56, USDJPY, 149.314, 149.314, 149.314, 149.314
2023-11-05 20:57, USDJPY, 149.314, 149.314, 149.314, 149.314
2023-11-05 20:58, USDJPY, 149.314, 149.314, 149.314, 149.314
2023-11-05 20:59, USDJPY, 149.314, 149.314, 149.314, 149.314
2023-11-05 21:00, USDJPY, 149.314, 149.314, 149.314, 149.314
2023-11-05 21:01, USDJPY, 149.314, 149.314, 149.314, 149.314
2023-11-05 21:02, USDJPY, 149.314, 149.314, 149.314, 149.314
2023-11-05 21:03, USDJPY, 149.314, 149.314, 149.314, 149.314
2023-11-05 21:04, USDJPY, 149.314, 149.314, 149.314, 149.314
2023-11-05 21:05, USDJPY, 149.314, 149.314, 149.314, 149.314
2023-11-05 21:06, USDJPY, 149.314, 149.314, 149.314, 149.314
2023-11-05 21:07, USDJPY, 149.314, 149.314, 149.314, 149.314
2023-11-05 21:08, USDJPY, 149.314, 149.314, 149.314, 149.314
2023-11-05 21:09, USDJPY, 149.314, 149.314, 149.314, 149.314
2023-11-05 21:10, USDJPY, 149.314, 149.314, 149.314, 149.314
2023-11-05 21:11, USDJPY, 149.314, 149.314, 149.314, 149.314
2023-11-05 21:12, USDJPY, 149.314, 149.314, 149.314, 149.314
2023-11-05 21:13, USDJPY, 149.314, 149.314, 149.314, 149.314
2023-11-05 21:14, USDJPY, 149.314, 149.314, 149.314, 149.314
2023-11-05 21:15, USDJPY, 149.314, 149.314, 149.314, 149.314
2023-11-05 21:16, USDJPY, 149.314, 149.314, 149.314, 149.314
2023-11-05 21:17, USDJPY, 149.314, 149.314, 149.314, 149.314
2023-11-05 21:18, USDJPY, 149.314, 149.314, 149.314, 149.314
2023-11-05 21:19, USDJPY, 149.314, 149.314, 149.314, 149.314
2023-11-05 21:20, USDJPY, 149.314, 149.314, 149.314, 149.314
2023-11-05 21:21, USDJPY, 149.314, 149.314, 149.314, 149.314
2023-11-05 21:22, USDJPY, 149.314, 149.314, 149.314, 149.314
2023-11-05 21:23, USDJPY, 149.314, 149.314, 149.314, 149.314
2023-11-05 21:24, USDJPY, 149.314, 149.314, 149.314, 149.314
2023-11-05 21:25, USDJPY, 149.314, 149.314, 149.314, 149.314
2023-11-05 21:26, USDJPY, 149.314, 149.314, 149.314, 149.314
2023-11-05 21:27, USDJPY, 149.314, 149.314, 149.314, 149.314
2023-11-05 21:28, USDJPY, 149.314, 149.314, 149.314, 149.314
2023-11-05 21:29, USDJPY, 149.314, 149.314, 149.314, 149.314
2023-11-05 21:30, USDJPY, 149.314, 149.314, 149.314, 149.314
2023-11-05 21:31, USDJPY, 149.314, 149.314, 149.314, 149.314
2023-11-05 21:32, USDJPY, 149.314, 149.314, 149.314, 149.314
2023-11-05 21:33, USDJPY, 149.314, 149.314, 149.314, 149.314
2023-11-05 21:34, USDJPY, 149.314, 149.314, 149.314, 149.314
2023-11-05 21:35, USDJPY, 149.314, 149.314, 149.314, 149.314
2023-11-05 21:36, USDJPY, 149.314, 149.314, 149.314, 149.314
2023-11-05 21:37, USDJPY, 149.314, 149.314, 149.314, 149.314
2023-11-05 21:38, USDJPY, 149.314, 149.314, 149.314, 149.314
2023-11-05 21:39, USDJPY, 149.314, 149.314, 149.314, 149.314
2023-11-05 21:40, USDJPY, 149.314, 149.314, 149.314, 149.314
2023-11-05 21:41, USDJPY, 149.314, 149.314, 149.314, 149.314
2023-11-05 21:42, USDJPY, 149.314, 149.314, 149.314, 149.314
2023-11-05 21:43, USDJPY, 149.314, 149.314, 149.314, 149.314
2023-11-05 21:44, USDJPY, 149.314, 149.314, 149.314, 149.314
2023-11-05 21:45, USDJPY, 149.314, 149.314, 149.314, 149.314
2023-11-05 21:46, USDJPY, 149.314, 149.314, 149.314, 149.314
2023-11-05 21:47, USDJPY, 149.314, 149.314, 149.314, 149.314
2023-11-05 21:48, USDJPY, 149.314, 149.314, 149.314, 149.314
2023-11-05 21:49, USDJPY, 149.314, 149.314, 149.314, 149.314
2023-11-05 21:50, USDJPY, 149.314, 149.314, 149.314, 149.314
2023-11-05 21:51, USDJPY, 149.314, 149.314, 149.314, 149.314
2023-11-05 21:52, USDJPY, 149.314, 149.314, 149.314, 149.314
2023-11-05 21:53, USDJPY, 149.314, 149.314, 149.314, 149.314
2023-11-05 21:54, USDJPY, 149.314, 149.314, 149.314, 149.314
2023-11-05 21:55, USDJPY, 149.314, 149.314, 149.314, 149.314
2023-11-05 21:56, USDJPY, 149.314, 149.314, 149.314, 149.314
2023-11-05 21:57, USDJPY, 149.314, 149.314, 149.314, 149.314
2023-11-05 21:58, USDJPY, 149.314, 149.314, 149.314, 149.314
2023-11-05 21:59, USDJPY, 149.314, 149.314, 149.314, 149.314
2023-11-05 22:00, USDJPY, 149.314, 149.314, 149.314, 149.314
2023-11-05 22:01, USDJPY, 149.314, 149.314, 149.314, 149.314
2023-11-05 22:02, USDJPY, 149.314, 149.314, 149.314, 149.314
2023-11-05 22:03, USDJPY, 149.314, 149.314, 149.314, 149.314
2023-11-05 22:04, USDJPY, 149.314, 149.314, 149.314, 149.314
2023-11-05 22:05, USDJPY, 149.314, 149.314, 149.314, 149.314
2023-11-05 22:06, USDJPY, 149.314, 149.314, 149.314, 149.314
2023-11-05 22:07, USDJPY, 149.314, 149.314, 149.314, 149.314
2023-11-05 22:08, USDJPY, 149.314, 149.314, 149.314, 149.314
2023-11-05 22:09, USDJPY, 149.314, 149.314, 149.314, 149.314
2023-11-05 22:10, USDJPY, 149.314, 149.314, 149.314, 149.314
2023-11-05 22:11, USDJPY, 149.314, 149.314, 149.314, 149.314
2023-11-05 22:12, USDJPY, 149.314, 149.314, 149.314, 149.314
2023-11-05 22:13, USDJPY, 149.314, 149.314, 149.314, 149.314
2023-11-05 22:14, USDJPY, 149.314, 149.314, 149.314, 149.314
2023-11-05 22:15, USDJPY, 149.314, 149.314, 149.314, 149.314
2023-11-05 22:16, USDJPY, 149.314, 149.314, 149.314, 149.314
2023-11-05 22:17, USDJPY, 149.314, 149.314, 149.314, 149.314
2023-11-05 22:18, USDJPY, 149.314, 149.314, 149.314, 149.314
2023-11-05 22:19, USDJPY, 149.314, 149.314, 149.314, 149.314
2023-11-05 22:20, USDJPY, 149.314, 149.314, 149.314, 149.314
2023-11-05 22:21, USDJPY, 149.314, 149.314, 149.314, 149.314
2023-11-05 22:22, USDJPY, 149.314, 149.314, 149.314, 149.314
2023-11-05 22:23, USDJPY, 149.314, 149.314, 149.314, 149.314
2023-11-05 22:24, USDJPY, 149.314, 149.314, 149.314, 149.314
2023-11-05 22:25, USDJPY, 149.314, 149.314, 149.314, 149.314
2023-11-05 22:26, USDJPY, 149.314, 149.314, 149.314, 149.314
2023-11-05 22:27, USDJPY, 149.314, 149.314, 149.314, 149.314
2023-11-05 22:28, USDJPY, 149.314, 149.314, 149.314, 149.314
2023-11-05 22:29, USDJPY, 149.314, 149.314, 149.314, 149.314
2023-11-05 22:30, USDJPY, 149.314, 149.314, 149.314, 149.314
2023-11-05 22:31, USDJPY, 149.314, 149.314, 149.314, 149.314
2023-11-05 22:32, USDJPY, 149.314, 149.314, 149.314, 149.314
2023-11-05 22:33, USDJPY, 149.314, 149.314, 149.314, 149.314
2023-11-05 22:34, USDJPY, 149.314, 149.314, 149.314, 149.314
2023-11-05 22:35, USDJPY, 149.314, 149.314, 149.314, 149.314
2023-11-05 22:36, USDJPY, 149.314, 149.314, 149.314, 149.314
2023-11-05 22:37, USDJPY, 149.314, 149.314, 149.314, 149.314
2023-11-05 22:38, USDJPY, 149.314, 149.314, 149.314, 149.314
2023-11-05 22:39, USDJPY, 149.314, 149.314, 149.314, 149.314
2023-11-05 22:40, USDJPY, 149.314, 149.314, 149.314, 149.314
2023-11-05 22:41, USDJPY, 149.314, 149.314, 149.314, 149.314
2023-11-05 22:42, USDJPY, 149.314, 149.314, 149.314, 149.314
2023-11-05 22:43, USDJPY, 149.314, 149.314, 149.314, 149.314
2023-11-05 22:44, USDJPY, 149.314, 149.314, 149.314, 149.314
2023-11-05 22:45, USDJPY, 149.314, 149.314, 149.314, 149.314
2023-11-05 22:46, USDJPY, 149.314, 149.314, 149.314, 149.314
2023-11-05 22:47, USDJPY, 149.314, 149.314, 149.314, 149.314
2023-11-05 22:48, USDJPY, 149.314, 149.314, 149.314, 149.314
2023-11-05 22:49, USDJPY, 149.314, 149.314, 149.314, 149.314
2023-11-05 22:50, USDJPY, 149.314, 149.314, 149.314, 149.314
2023-11-05 22:51, USDJPY, 149.314, 149.314, 149.314, 149.314
2023-11-05 22:52, USDJPY, 149.314, 149.314, 149.314, 149.314
2023-11-05 22:53, USDJPY, 149.314, 149.314, 149.314, 149.314
2023-11-05 22:54, USDJPY, 149.314, 149.314, 149.314, 149.314
2023-11-05 22:55, USDJPY, 149.314, 149.314, 149.314, 149.314
2023-11-05 22:56, USDJPY, 149.314, 149.314, 149.314, 149.314
2023-11-05 22:57, USDJPY, 149.314, 149.314, 149.314, 149.314
2023-11-05 22:58, USDJPY, 149.314, 149.314, 149.314, 149.314
2023-11-05 22:59, USDJPY, 149.314, 149.314, 149.314, 149.314
2023-11-05 23:00, USDJPY, 149.314, 149.314, 149.314, 149.314
2023-11-05 23:01, USDJPY, 149.314, 149.314, 149.314, 149.314
2023-11-05 23:02, USDJPY, 149.314, 149.314, 149.314, 149.314
2023-11-05 23:03, USDJPY, 149.314, 149.314, 149.314, 149.314
2023-11-05 23:04, USDJPY, 149.314, 149.314, 149.314, 149.314
2023-11-05 23:05, USDJPY, 149.314, 149.314, 149.314, 149.314
2023-11-05 23:06, USDJPY, 149.314, 149.314, 149.314, 149.314
2023-11-05 23:07, USDJPY, 149.314, 149.314, 149.314, 149.314
2023-11-05 23:08, USDJPY, 149.314, 149.314, 149.314, 149.314
2023-11-05 23:09, USDJPY, 149.314, 149.314, 149.314, 149.314
2023-11-05 23:10, USDJPY, 149.314, 149.314, 149.314, 149.314
2023-11-05 23:11, USDJPY, 149.314, 149.314, 149.314, 149.314
2023-11-05 23:12, USDJPY, 149.314, 149.314, 149.314, 149.314
2023-11-05 23:13, USDJPY, 149.314, 149.314, 149.314, 149.314
2023-11-05 23:14, USDJPY, 149.314, 149.314, 149.314, 149.314
2023-11-05 23:15, USDJPY, 149.314, 149.314, 149.314, 149.314
2023-11-05 23:16, USDJPY, 149.314, 149.314, 149.314, 149.314
2023-11-05 23:17, USDJPY, 149.314, 149.314, 149.314, 149.314
2023-11-05 23:18, USDJPY, 149.314, 149.314, 149.314, 149.314
2023-11-05 23:19, USDJPY, 149.314, 149.314, 149.314, 149.314
2023-11-05 23:20, USDJPY, 149.314, 149.314, 149.314, 149.314
2023-11-05 23:21, USDJPY, 149.314, 149.314, 149.314, 149.314
2023-11-05 23:22, USDJPY, 149.314, 149.314, 149.314, 149.314
2023-11-05 23:23, USDJPY, 149.314, 149.314, 149.314, 149.314
2023-11-05 23:24, USDJPY, 149.314, 149.314, 149.314, 149.314
2023-11-05 23:25, USDJPY, 149.314, 149.314, 149.314, 149.314
2023-11-05 23:26, USDJPY, 149.314, 149.314, 149.314, 149.314
2023-11-05 23:27, USDJPY, 149.314, 149.314, 149.314, 149.314
2023-11-05 23:28, USDJPY, 149.314, 149.314, 149.314, 149.314
2023-11-05 23:29, USDJPY, 149.314, 149.314, 149.314, 149.314
2023-11-05 23:30, USDJPY, 149.314, 149.314, 149.314, 149.314
2023-11-05 23:31, USDJPY, 149.314, 149.314, 149.314, 149.314
2023-11-05 23:32, USDJPY, 149.314, 149.314, 149.314, 149.314
2023-11-05 23:33, USDJPY, 149.314, 149.314, 149.314, 149.314
2023-11-05 23:34, USDJPY, 149.314, 149.314, 149.314, 149.314
2023-11-05 23:35, USDJPY, 149.314, 149.314, 149.314, 149.314
2023-11-05 23:36, USDJPY, 149.314, 149.314, 149.314, 149.314
2023-11-05 23:37, USDJPY, 149.314, 149.314, 149.314, 149.314
2023-11-05 23:38, USDJPY, 149.314, 149.314, 149.314, 149.314
2023-11-05 23:39, USDJPY, 149.314, 149.314, 149.314, 149.314
2023-11-05 23:40, USDJPY, 149.314, 149.314, 149.314, 149.314
2023-11-05 23:41, USDJPY, 149.314, 149.314, 149.314, 149.314
2023-11-05 23:42, USDJPY, 149.314, 149.314, 149.314, 149.314
2023-11-05 23:43, USDJPY, 149.314, 149.314, 149.314, 149.314
2023-11-05 23:44, USDJPY, 149.314, 149.314, 149.314, 149.314
2023-11-05 23:45, USDJPY, 149.314, 149.314, 149.314, 149.314
2023-11-05 23:46, USDJPY, 149.314, 149.314, 149.314, 149.314
2023-11-05 23:47, USDJPY, 149.314, 149.314, 149.314, 149.314
2023-11-05 23:48, USDJPY, 149.314, 149.314, 149.314, 149.314
2023-11-05 23:49, USDJPY, 149.314, 149.314, 149.314, 149.314
2023-11-05 23:50, USDJPY, 149.314, 149.314, 149.314, 149.314
2023-11-05 23:51, USDJPY, 149.314, 149.314, 149.314, 149.314
2023-11-05 23:52, USDJPY, 149.314, 149.314, 149.314, 149.314
2023-11-05 23:53, USDJPY, 149.314, 149.314, 149.314, 149.314
2023-11-05 23:54, USDJPY, 149.314, 149.314, 149.314, 149.314
2023-11-05 23:55, USDJPY, 149.314, 149.314, 149.314, 149.314
2023-11-05 23:56, USDJPY, 149.314, 149.314, 149.314, 149.314
2023-11-05 23:57, USDJPY, 149.314, 149.314, 149.314, 149.314
2023-11-05 23:58, USDJPY, 149.314, 149.314, 149.314, 149.314
2023-11-05 23:59, USDJPY, 149.314, 149.314, 149.314, 149.314
